AALR3;CENTRO DE IMAGEM DIAGNOSTICOS S.A.;42771949000135
ABCB4;BCO ABC BRASIL S.A.;28195667000106
ABEV3;AMBEV S.A.;07526557000100
AERI3;AERIS IND. E COM. DE EQUIP. GERACAO DE ENERGIA S/A;12528708000107
AESB3;AES BRASIL ENERGIA S.A.;37663076000107
AESO3;AES BRASIL OPERAÇÕES SA ;00194724000113
AFLT3;AFLUENTE TRANSMISSÃO DE ENERGIA ELÉTRICA S/A;10338320000100
AGRO3;BRASILAGRO ? CIA BRAS DE PROP AGRICOLAS;07628528000159
AGXY3;AGROGALAXY PARTICIPA~ÇÕES S.A.;21240146000184
AHEB3;SAO PAULO TURISMO S.A.;62002886000160
AHEB5;SAO PAULO TURISMO S.A.;62002886000160
AHEB6;SAO PAULO TURISMO S.A.;62002886000160
ALLD3;ALLIED TECNOLOGIA S.A.;20247322000147
ALPA3;ALPARGATAS S.A.;61079117000105
ALPA4;ALPARGATAS S.A.;61079117000105
ALPK3;ALLPARK EMPREENDIMENTOS PARTICIPACOES SERVICOS S.A;60537263000166
ALSO3;ALIANSCE SONAE SHOPPING CENTERS S.A.;05878397000132
ALUP11;ALUPAR INVESTIMENTO S/A;08364948000138
ALUP3;ALUPAR INVESTIMENTO S/A;08364948000138
ALUP4;ALUPAR INVESTIMENTO S/A;08364948000138
AMAR3;MARISA LOJAS S.A.;61189288000189
AMBP3;AMBIPAR PARTICIPACOES E EMPREENDIMENTOS S/A;12648266000124
AMER3;AMERICANAS S.A;00776574000156
ANIM3;ANIMA HOLDING S.A.;09288252000132
APER3;ALPER CONSULTORIA E CORRETORA DE SEGUROS S.A.;11721921000160
APTI3;SIDERURGICA J. L. ALIPERTI S.A.;61156931000178
APTI4;SIDERURGICA J. L. ALIPERTI S.A.;61156931000178
ARML3;ARMAC LOCAÇÃO. LOGISTICA E SERVIÇOS S.A.;00242184000104
ARZZ3;AREZZO INDUSTRIA E COMERCIO S.A.;16590234000176
ASAI3;SENDAS DISTRIBUIDORA S.A.;06057223000171
ATMP3;ATMA PARTICIPAÇÕES S.A.;04032433000180
ATOM3;ATOM EMPREENDIMENTOS E PARTICIPAÇÕES S.A.;00359742000108
AURA33;AURA MINERALS INC.;07857093000114
AURE3;AUREN ENERGIA S.A.;28594234000123
AVLL3;ALPHAVILLE S.A.;16811931000100
AZEV3;AZEVEDO E TRAVASSOS S.A.;61351532000168
AZEV4;AZEVEDO E TRAVASSOS S.A.;61351532000168
AZUL4;AZUL S.A.;09305994000129
B3SA3;B3 S.A. ? BRASIL, BOLSA, BALCÃO;09346601000125
BAHI3;BAHEMA EDUCAÇÃO S.A.;45987245000192
BALM3;BAUMER S.A.;61374161000130
BALM4;BAUMER S.A.;61374161000130
BAUH3;EXCELSIOR ALIMENTOS S.A.;95426862000197
BAUH4;EXCELSIOR ALIMENTOS S.A.;95426862000197
BAZA3;BCO AMAZONIA S.A.;04902979000144
BBAS3;BCO BRASIL S.A.;00000000000191
BBDC3;BCO BRADESCO S.A.;60746948000112
BBDC4;BCO BRADESCO S.A.;60746948000112
BBML3;BBM LOGISTICA S.A.;01107327000120
BBSE3;BB SEGURIDADE PARTICIPAÇÕES S.A.;17344597000194
BDLL3;BARDELLA S.A. INDUSTRIAS MECANICAS;60851615000153
BDLL4;BARDELLA S.A. INDUSTRIAS MECANICAS;60851615000153
BEEF3;MINERVA S.A.;67620377000114
BEES3;BANESTES S.A. ? BCO EST ESPIRITO SANTO;28127603000178
BEES4;BANESTES S.A. ? BCO EST ESPIRITO SANTO;28127603000178
BETP3B;BETAPART PARTICIPACOES S.A.;02762124000130
BGIP3;BCO ESTADO DE SERGIPE S.A. ? BANESE;13009717000146
BGIP4;BCO ESTADO DE SERGIPE S.A. ? BANESE;13009717000146
BIOM3;BIOMM S.A.;04752991000110
BLAU3;BLAU FARMACEUTICA S.A.;58430828000160
BMEB3;BCO MERCANTIL DO BRASIL S.A.;17184037000110
BMEB4;BCO MERCANTIL DO BRASIL S.A.;17184037000110
BMGB4;BANCO BMG S.A.;61186680000174
BMIN3;BCO MERCANTIL DE INVESTIMENTOS S.A.;34169557000172
BMIN4;BCO MERCANTIL DE INVESTIMENTOS S.A.;34169557000172
BMKS3;BICICLETAS MONARK S.A.;56992423000190
BMOB3;BEMOBI MOBILE TECH S.A.;09042817000105
BNBR3;BCO NORDESTE DO BRASIL S.A.;07237373000120
BOAS3;BOA VISTA SERVIÇOS S.A.;11725176000127
BOBR3;BOMBRIL S.A.;50564053000103
BOBR4;BOMBRIL S.A.;50564053000103
BPAC11;BCO BTG PACTUAL S.A.;30306294000145
BPAC3;BCO BTG PACTUAL S.A.;30306294000145
BPAC5;BCO BTG PACTUAL S.A.;30306294000145
BPAN12;BCO PAN S.A.;59285411000113
BPAN4;BCO PAN S.A.;59285411000113
BPAR3;BCO ESTADO DO PARA S.A.;04913711000108
BRAP3;BRADESPAR S.A.;03847461000192
BRAP4;BRADESPAR S.A.;03847461000192
BRBI11;BR ADVISORY PARTNERS PARTICIPAÇÕES S.A.;10739356000103
BRFS3;BRF S.A.;01838723000127
BRGE11;CONSORCIO ALFA DE ADMINISTRACAO S.A.;17193806000146
BRGE12;CONSORCIO ALFA DE ADMINISTRACAO S.A.;17193806000146
BRGE3;CONSORCIO ALFA DE ADMINISTRACAO S.A.;17193806000146
BRGE5;CONSORCIO ALFA DE ADMINISTRACAO S.A.;17193806000146
BRGE6;CONSORCIO ALFA DE ADMINISTRACAO S.A.;17193806000146
BRGE7;CONSORCIO ALFA DE ADMINISTRACAO S.A.;17193806000146
BRGE8;CONSORCIO ALFA DE ADMINISTRACAO S.A.;17193806000146
BRIT3;BRISANET PARTICIPAÇÕES S.A.;19796586000170
BRIV3;BCO ALFA DE INVESTIMENTO S.A.;60770336000165
BRIV4;BCO ALFA DE INVESTIMENTO S.A.;60770336000165
BRKM3;BRASKEM S.A.;42150391000170
BRKM5;BRASKEM S.A.;42150391000170
BRKM6;BRASKEM S.A.;42150391000170
BRPR3;BR PROPERTIES S.A.;06977751000149
BRQB3;BRQ SOLUCOES EM INFORMATICA S.A.;36542025000164
BRSR3;BCO ESTADO DO RIO GRANDE DO SUL S.A.;92702067000196
BRSR5;BCO ESTADO DO RIO GRANDE DO SUL S.A.;92702067000196
BRSR6;BCO ESTADO DO RIO GRANDE DO SUL S.A.;92702067000196
BSLI3;BRB BCO DE BRASILIA S.A.;00000208000100
BSLI4;BRB BCO DE BRASILIA S.A.;00000208000100
CABI3B;CABINDA PARTICIPACOES S.A.;04030182000102
CALI3;CONSTRUTORA ADOLPHO LINDENBERG S.A.;61022042000118
CAMB3;CAMBUCI S.A.;61088894000108
CAML3;CAMIL ALIMENTOS S.A.;64904295000103
CASH3;MÉLIUZ S.A.;14110585000107
CASN3;CIA CATARINENSE DE AGUAS E SANEAM.-CASAN;82508433000117
CASN4;CIA CATARINENSE DE AGUAS E SANEAM.-CASAN;82508433000117
CATA3;CIA INDUSTRIAL CATAGUASES;19526748000150
CATA4;CIA INDUSTRIAL CATAGUASES;19526748000150
CBAV3;COMPANHIA BRASILEIRA DE ALUMINIO;61409892000173
CBEE3;AMPLA ENERGIA E SERVICOS S.A.;33050071000158
CCRO3;CCR S.A.;02846056000197
CEAB3;CEA MODAS S.A.;45242914000105
CEBR3;CIA ENERGETICA DE BRASILIA;00070698000111
CEBR5;CIA ENERGETICA DE BRASILIA;00070698000111
CEBR6;CIA ENERGETICA DE BRASILIA;00070698000111
CEDO3;CIA FIACAO TECIDOS CEDRO CACHOEIRA;17245234000100
CEDO4;CIA FIACAO TECIDOS CEDRO CACHOEIRA;17245234000100
CEEB3;CIA ELETRICIDADE EST. DA BAHIA ? COELBA;15139629000194
CEEB5;CIA ELETRICIDADE EST. DA BAHIA ? COELBA;15139629000194
CEEB6;CIA ELETRICIDADE EST. DA BAHIA ? COELBA;15139629000194
CEED3;CIA ESTADUAL DE DISTRIB ENER ELET-CEEE-D;08467115000100
CEED4;CIA ESTADUAL DE DISTRIB ENER ELET-CEEE-D;08467115000100
CEGR3;CIA DISTRIB DE GAS DO RIO DE JANEIRO-CEG;33938119000169
CGAS3;CIA GAS DE SAO PAULO ? COMGAS;61856571000117
CGAS5;CIA GAS DE SAO PAULO ? COMGAS;61856571000117
CGRA3;GRAZZIOTIN S.A.;92012467000170
CGRA4;GRAZZIOTIN S.A.;92012467000170
CIEL3;CIELO S.A.;01027058000191
CLSA3;CLEAR SALE S.A.;03802115000198
CLSC3;CENTRAIS ELET DE SANTA CATARINA S.A.;83878892000155
CLSC4;CENTRAIS ELET DE SANTA CATARINA S.A.;83878892000155
CMIG3;CIA ENERGETICA DE MINAS GERAIS ? CEMIG;17155730000164
CMIG4;CIA ENERGETICA DE MINAS GERAIS ? CEMIG;17155730000164
CMIN3;CSN MINERAÇÃO S.A.;08902291000115
CMSA3;CIMS S.A.;00272185000193
CMSA4;CIMS S.A.;00272185000193
CNSY3;CINESYSTEM S.A.;07437016000105
COCE3;CIA ENERGETICA DO CEARA ? COELCE;07047251000170
COCE5;CIA ENERGETICA DO CEARA ? COELCE;07047251000170
COCE6;CIA ENERGETICA DO CEARA ? COELCE;07047251000170
COGN3;COGNA EDUCAÇÃO S.A.;02800026000140
COMR3;COMERC PARTICIPACOES S.A;25369840000157
CORR3;CORREA RIBEIRO S.A. COMERCIO E INDUSTRIA;15101405000193
CORR4;CORREA RIBEIRO S.A. COMERCIO E INDUSTRIA;15101405000193
CPFE3;CPFL ENERGIA S.A.;02429144000193
CPLE11;CIA PARANAENSE DE ENERGIA ? COPEL;76483817000120
CPLE3;CIA PARANAENSE DE ENERGIA ? COPEL;76483817000120
CPLE5;CIA PARANAENSE DE ENERGIA ? COPEL;76483817000120
CPLE6;CIA PARANAENSE DE ENERGIA ? COPEL;76483817000120
CRDE3;CR2 EMPREENDIMENTOS IMOBILIARIOS S.A.;07820907000146
CRFB3;ATACADÃO S.A.;75315333000109
CRIV3;FINANCEIRA ALFA S.A.- CRED FINANC E INVS;17167412000113
CRIV4;FINANCEIRA ALFA S.A.- CRED FINANC E INVS;17167412000113
CRPG3;TRONOX PIGMENTOS DO BRASIL S.A.;15115504000124
CRPG5;TRONOX PIGMENTOS DO BRASIL S.A.;15115504000124
CRPG6;TRONOX PIGMENTOS DO BRASIL S.A.;15115504000124
CRTE3B;CONC RIO-TERESOPOLIS S.A.;00938574000105
CRTE5B;CONC RIO-TERESOPOLIS S.A.;00938574000105
CSAB3;CIA SEGUROS ALIANCA DA BAHIA;15144017000190
CSAB4;CIA SEGUROS ALIANCA DA BAHIA;15144017000190
CSAN3;COSAN S.A.;50746577000115
CSED3;CRUZEIRO DO SUL EDUCACIONAL S.A.;62984091000102
CSMG3;CIA SANEAMENTO DE MINAS GERAIS-COPASA MG;17281106000103
CSNA3;CIA SIDERURGICA NACIONAL;33042730000104
CSRN3;CIA ENERGETICA DO RIO GDE NORTE ? COSERN;08324196000181
CSRN5;CIA ENERGETICA DO RIO GDE NORTE ? COSERN;08324196000181
CSRN6;CIA ENERGETICA DO RIO GDE NORTE ? COSERN;08324196000181
CSUD3;CSU DIGITAL S.A.;01896779000138
CTCA3;CTC ? CENTRO DE TECNOLOGIA CANAVIEIRA S.A.;06981381000113
CTKA3;KARSTEN S.A.;82640558000104
CTKA4;KARSTEN S.A.;82640558000104
CTNM3;CIA TECIDOS NORTE DE MINAS COTEMINAS;22677520000176
CTNM4;CIA TECIDOS NORTE DE MINAS COTEMINAS;22677520000176
CTSA3;CIA TECIDOS SANTANENSE;21255567000189
CTSA4;CIA TECIDOS SANTANENSE;21255567000189
CURY3;CURY CONSTRUTORA E INCORPORADORA S.A.;08797760000183
CVCB3;CVC BRASIL OPERADORA E AGÊNCIA DE VIAGENS S.A.;10760260000119
CXSE3;CAIXA SEGURIDADE PARTICIPAÇÕES S.A.;22543331000100
CYRE3;CYRELA BRAZIL REALTY S.A.EMPREEND E PART;73178600000118
DASA3;DIAGNOSTICOS DA AMERICA S.A.;61486650000183
DESK3;DESKTOP - SIGMANET COMUNICAÇÃO MULTIMÍDIA S.A;08170849000115
DEXP3;DEXXOS PARTICIPACOES S.A.;02193750000152
DEXP4;DEXXOS PARTICIPACOES S.A.;02193750000152
DIRR3;DIRECIONAL ENGENHARIA S.A.;16614075000100
DMFN3;DM FINANCEIRA S.A. - CRÉDITO. FINANC E INVEST;91669747000192
DMVF3;D1000 VAREJO FARMA PARTICIPAÇÕES S.A.;12108897000150
DOHL3;DOHLER S.A.;84683408000103
DOHL4;DOHLER S.A.;84683408000103
DOTZ3;DOTZ S.A.;18174270000184
DTCY3;DTCOM ? DIRECT TO COMPANY S.A.;03303999000136
DTCY4;DTCOM ? DIRECT TO COMPANY S.A.;03303999000136
DXCO3;DURATEX S.A.;97837181000147
EALT3;ELECTRO ACO ALTONA S.A.;82643537000134
EALT4;ELECTRO ACO ALTONA S.A.;82643537000134
ECOR3;ECORODOVIAS INFRAESTRUTURA E LOGÍSTICA S.A.;04149454000180
EEEL3;CIA ESTADUAL GER.TRANS.ENER.ELET-CEEE-GT;92715812000131
EEEL4;CIA ESTADUAL GER.TRANS.ENER.ELET-CEEE-GT;92715812000131
EGIE3;ENGIE BRASIL ENERGIA S.A.;02474103000119
EKTR3;ELEKTRO REDES S.A.;02328280000197
EKTR4;ELEKTRO REDES S.A.;02328280000197
ELET3;CENTRAIS ELET BRAS S.A. ? ELETROBRAS;00001180000126
ELET5;CENTRAIS ELET BRAS S.A. ? ELETROBRAS;00001180000126
ELET6;CENTRAIS ELET BRAS S.A. ? ELETROBRAS;00001180000126
ELMD3;ELETROMIDIA S.A.;09347516000181
EMAE3;EMAE ? EMPRESA METROP.AGUAS ENERGIA S.A.;02302101000142
EMAE4;EMAE ? EMPRESA METROP.AGUAS ENERGIA S.A.;02302101000142
EMBR3;EMBRAER S.A.;07689002000189
ENAT3;ENAUTA PARTICIPAÇÕES S.A.;11669021000110
ENBR3;EDP ? ENERGIAS DO BRASIL S.A.;03983431000103
ENEV3;ENEVA S.A;04423567000121
ENGI11;ENERGISA S.A.;00864214000106
ENGI3;ENERGISA S.A.;00864214000106
ENGI4;ENERGISA S.A.;00864214000106
ENJU3;ENJOEI.COM.BR ATIVIDADES DE INTERNET S.A.;16922038000151
ENMT3;ENERGISA MATO GROSSO-DISTRIBUIDORA DE ENERGIA S/A;03467321000199
ENMT4;ENERGISA MATO GROSSO-DISTRIBUIDORA DE ENERGIA S/A;03467321000199
EPAR3;EMBPAR PARTICIPACOES S.A.;42331462000131
EQMA3B;EQUATORIAL MARANHÃO DISTRIBUIDORA DE ENERGIA S.A.;06272793000184
EQMA5B;EQUATORIAL MARANHÃO DISTRIBUIDORA DE ENERGIA S.A.;06272793000184
EQMA6B;EQUATORIAL MARANHÃO DISTRIBUIDORA DE ENERGIA S.A.;06272793000184
EQPA3;EQUATORIAL PARA DISTRIBUIDORA DE ENERGIA S.A.;04895728000180
EQPA5;EQUATORIAL PARA DISTRIBUIDORA DE ENERGIA S.A.;04895728000180
EQPA6;EQUATORIAL PARA DISTRIBUIDORA DE ENERGIA S.A.;04895728000180
EQPA7;EQUATORIAL PARA DISTRIBUIDORA DE ENERGIA S.A.;04895728000180
EQTL3;EQUATORIAL ENERGIA S.A.;03220438000173
ESPA3;MPM CORPÓREOS S.A.;26659061000159
ESTR3;MANUFATURA DE BRINQUEDOS ESTRELA S.A.;61082004000150
ESTR4;MANUFATURA DE BRINQUEDOS ESTRELA S.A.;61082004000150
ETER3;ETERNIT S.A.;61092037000181
EUCA3;EUCATEX S.A. INDUSTRIA E COMERCIO;56643018000166
EUCA4;EUCATEX S.A. INDUSTRIA E COMERCIO;56643018000166
EUFA3;Elfa Medicamentos S.A.;61190096000192
EVEN3;EVEN CONSTRUTORA E INCORPORADORA S.A.;43470988000165
EZTC3;EZ TEC EMPREEND. E PARTICIPACOES S.A.;08312229000173
FESA3;CIA FERRO LIGAS DA BAHIA ? FERBASA;15141799000103
FESA4;CIA FERRO LIGAS DA BAHIA ? FERBASA;15141799000103
FHER3;FERTILIZANTES HERINGER S.A.;22266175000188
FIGE3;INVESTIMENTOS BEMGE S.A.;01548981000179
FIGE4;INVESTIMENTOS BEMGE S.A.;01548981000179
FIQE3;UNIFIQUE TELECOMUNICAÇÕES S.A.;02255187000108
FLEX3;FLEX GESTÃO DE RELACIONAMENTOS S.A.;10851805000100
FLRY3;FLEURY S.A.;60840055000131
FRAS3;FRAS-LE S.A.;88610126000129
FRIO3;METALFRIO SOLUTIONS S.A.;04821041000108
FRRN3B;RUMO MALHA NORTE S.A.;24962466000136
FRRN5B;RUMO MALHA NORTE S.A.;24962466000136
FRRN6B;RUMO MALHA NORTE S.A.;24962466000136
FRTA3;POMIFRUTAS S/A;86550951000150
G2DI33;G2D INVESTMENTS LTD;38307135000177
GEPA3;RIO PARANAPANEMA ENERGIA S.A.;02998301000181
GEPA4;RIO PARANAPANEMA ENERGIA S.A.;02998301000181
GFSA3;GAFISA S.A.;01545826000107
GGBR3;GERDAU S.A.;33611500000119
GGBR4;GERDAU S.A.;33611500000119
GGPS3;GPS PARTICIPACOES E EMPREENDIMENTOS S.A.;09229201000130
GMAT3;GRUPO MATEUS S.A.;24990777000109
GOAU3;METALURGICA GERDAU S.A.;92690783000109
GOAU4;METALURGICA GERDAU S.A.;92690783000109
GOLL3;GOL LINHAS AEREAS INTELIGENTES S.A.;06164253000187
GOLL4;GOL LINHAS AEREAS INTELIGENTES S.A.;06164253000187
GPAR3;CIA CELG DE PARTICIPACOES ? CELGPAR;08560444000193
GPIV33;GP INVESTMENTS, LTD.;07857850000150
GRAO3;HUMBERG AGRIBRASIL COM. E EXPORT. DE GRÃOS S.A.;18483666000103
GRND3;GRENDENE S.A.;89850341000160
GSHP3;GENERAL SHOPPING E OUTLETS DO BRASIL S.A.;08764621000153
GUAR3;GUARARAPES CONFECCOES S.A.;08402943000152
HAGA3;HAGA S.A. INDUSTRIA E COMERCIO;30540991000166
HAGA4;HAGA S.A. INDUSTRIA E COMERCIO;30540991000166
HAPV3;HAPVIDA PARTICIPACOES E INVESTIMENTOS SA;05197443000138
HBOR3;HELBOR EMPREENDIMENTOS S.A.;49263189000102
HBRE3;HBR REALTY EMPREENDIMENTOS IMOBILIARIOS S/A;14785152000151
HBSA3;HIDROVIAS DO BRASIL S.A.;12648327000153
HBTS3;CIA HABITASUL DE PARTICIPACOES;87762563000103
HBTS5;CIA HABITASUL DE PARTICIPACOES;87762563000103
HBTS6;CIA HABITASUL DE PARTICIPACOES;87762563000103
HETA3;HERCULES S.A. FABRICA DE TALHERES;92749225000163
HETA4;HERCULES S.A. FABRICA DE TALHERES;92749225000163
HMOB3;HMOBI PARTICIPAÇÕES S.A.;40159947000164
HOOT3;HOTEIS OTHON S.A.;33200049000147
HOOT4;HOTEIS OTHON S.A.;33200049000147
HYPE3;HYPERA S.A.;02932074000191
IFCM3;NFRACOMMERCE CXAAS S.A.;38456921000136
IGBR3;IGB ELETRÔNICA S/A;43185362000107
IGSN3;IGUA SANEAMENTO S.A.;08159965000133
IGTI11;JEREISSATI PARTICIPACOES S.A.;60543816000193
IGTI3;JEREISSATI PARTICIPACOES S.A.;60543816000193
IGTI4;JEREISSATI PARTICIPACOES S.A.;60543816000193
INEP3;INEPAR S.A. INDUSTRIA E CONSTRUCOES;76627504000106
INEP4;INEPAR S.A. INDUSTRIA E CONSTRUCOES;76627504000106
INNT3;INTER CONSTRUTORA E INCORPORADORA S.A.;09611768000176
INTB3;INTELBRAS S.A. IND DE TELEC ELETRONICA BRASILEIRA;82901000000127
IRBR3;IRB ? BRASIL RESSEGUROS S.A.;33376989000191
ITSA3;ITAUSA S.A.;61532644000115
ITSA4;ITAUSA S.A.;61532644000115
ITUB3;ITAU UNIBANCO HOLDING S.A.;60872504000123
ITUB4;ITAU UNIBANCO HOLDING S.A.;60872504000123
IVPR3B;INVESTIMENTOS E PARTICIP. EM INFRA S.A. ? INVEPAR;03758318000124
IVPR4B;INVESTIMENTOS E PARTICIP. EM INFRA S.A. ? INVEPAR;03758318000124
JALL3;JALLES MACHADO S.A.;02635522000195
JBSS3;JBS S.A.;02916265000160
JFEN3;JOAO FORTES ENGENHARIA S.A.;33035536000100
JHSF3;JHSF PARTICIPACOES S.A.;08294224000165
JOPA3;JOSAPAR-JOAQUIM OLIVEIRA S.A. ? PARTICIP;87456562000122
JOPA4;JOSAPAR-JOAQUIM OLIVEIRA S.A. ? PARTICIP;87456562000122
JSLG3;JSL S.A.;52548435000179
KEPL3;KEPLER WEBER S.A.;91983056000169
KLAS3;KALLAS INCORPORACOES E CONSTRUCOES S.A.;09146451000106
KLBN11;KLABIN S.A.;89637490000145
KLBN3;KLABIN S.A.;89637490000145
KLBN4;KLABIN S.A.;89637490000145
KRSA3;KORA SAÚDE PARTICIPAÇÕES S.A;13270520000166
LAND3;TERRA SANTA PROPRIEDADES AGRICOLAS S.A.;40337136000106
LAVV3;LAVVI EMPREENDIMENTOS IMOBILIÁRIOS S.A.;26462693000128
LEVE3;MAHLE-METAL LEVE S.A.;60476884000187
LIGT3;LIGHT S.A.;03378521000175
LIPR3;ELETROBRÁS PARTICIPAÇÕES S.A. ? ELETROPAR;01104937000170
LJQQ3;LOJAS QUERO-QUERO S/A;96418264021802
LLBI3;LOJAS LE BISCUIT S.A.;16233389000155
LLBI4;LOJAS LE BISCUIT S.A.;16233389000155
LMED3;LIFEMED INDUSTRIAL EQUIP. DE ART. MÉD. HOSP. S.A.;02357251000153
LOGG3;LOG COMMERCIAL PROPERTIES;09041168000110
LOGN3;LOG-IN LOGISTICA INTERMODAL S.A.;42278291000124
LPSB3;LPS BRASIL ? CONSULTORIA DE IMOVEIS S.A.;08078847000109
LREN3;LOJAS RENNER S.A.;92754738000162
LTEL3B;LITEL PARTICIPACOES S.A.;00743065000127
LTLA3B;LITELA PARTICIPAÇÕES S.A.;05495546000184
LUPA3;LUPATECH S.A.;89463822000112
LUXM3;TREVISA INVESTIMENTOS S.A.;92660570000126
LUXM4;TREVISA INVESTIMENTOS S.A.;92660570000126
LVTC3;LIVETECH DA BAHIA INDUSTRIA E COMERCIO S.A;05917486000140
LWSA3;LOCAWEB SERVIÇOS DE INTERNET S.A.;02351877000152
MAPT3;CEMEPE INVESTIMENTOS S.A.;93828986000173
MAPT4;CEMEPE INVESTIMENTOS S.A.;93828986000173
MATD3;HOSPITAL MATER DEI AS;16676520000159
MBLY3;Mobly S.A.;31553627000101
MDIA3;M.DIAS BRANCO S.A. IND COM DE ALIMENTOS;07206816000115
MDNE3;MOURA DUBEUX ENGENHARIA S/A;12049631000184
MEAL3;INTERNATIONAL MEAL COMPANY ALIMENTACAO S.A.;17314329000120
MEGA3;OMEGA ENERGIA S.A.;42500384000151
MELK3;MELNICK DESENVOLVIMENTO IMOBILIÁRIO S.A.;12181987000177
MERC3;MERCANTIL BRASIL FINANC S.A. C.F.I.;33040601000187
MERC4;MERCANTIL BRASIL FINANC S.A. C.F.I.;33040601000187
MGEL3;MANGELS INDUSTRIAL S.A.;61065298000102
MGEL4;MANGELS INDUSTRIAL S.A.;61065298000102
MGLU3;MAGAZINE LUIZA S.A.;47960950000121
MILS3;MILLS ESTRUTURAS E SERVIÇOS DE ENGENHARIA S.A.;27093558000115
MLAS3;MULTILASER INDUSTRIAL S.A.;59717553000102
MMAQ3;MINASMAQUINAS S.A.;17161241000115
MMAQ4;MINASMAQUINAS S.A.;17161241000115
MNDL3;MUNDIAL S.A. ? PRODUTOS DE CONSUMO;88610191000154
MNPR3;MINUPAR PARTICIPACOES S.A.;90076886000140
MNZC3B;TERMINAL GARAGEM MENEZES CORTES S.A.;02664042000152
MOAR3;MONTEIRO ARANHA S.A.;33102476000192
MODL3;BANCO MODAL S.A;30723886000162
MOVI3;MOVIDA PARTICIPACOES SA;21314559000166
MRFG3;MARFRIG GLOBAL FOODS S.A.;03853896000140
MRSA3B;MRS LOGISTICA S.A.;01417222000177
MRSA5B;MRS LOGISTICA S.A.;01417222000177
MRSA6B;MRS LOGISTICA S.A.;01417222000177
MRVE3;MRV ENGENHARIA E PARTICIPACOES S.A.;08343492000120
MSPA3;CIA MELHORAMENTOS DE SAO PAULO;60730348000166
MSPA4;CIA MELHORAMENTOS DE SAO PAULO;60730348000166
MSRO3;MAESTRO LOCADORA DE VEICULOS S.A.;08795211000170
MTRE3;MITRE REALTY EMPREENDIMENTOS E PARTICIPAÇÕES S.A.;07882930000165
MTSA3;METISA METALURGICA TIMBOENSE S.A.;86375425000109
MTSA4;METISA METALURGICA TIMBOENSE S.A.;86375425000109
MULT3;MULTIPLAN ? EMPREEND IMOBILIARIOS S.A.;07816890000153
MWET3;WETZEL S.A.;84683671000194
MWET4;WETZEL S.A.;84683671000194
MYPK3;IOCHPE MAXION S.A.;61156113000175
NEMO3;SUZANO HOLDING S.A.;60651809000105
NEMO5;SUZANO HOLDING S.A.;60651809000105
NEMO6;SUZANO HOLDING S.A.;60651809000105
NEOE3;NEOENERGIA S.A.;01083200000118
NEXP3;NEXPE PARTICIPAÇÕES S.A;08613550000198
NGRD3;NEOGRID PARTICIPACOES S.A.;10139870000108
NINJ3;GETNINJAS S.A.;14127813000151
NORD3;NORDON INDUSTRIAS METALURGICAS S.A.;60884319000159
NRTQ3;NORTEC QUÍMICA S.A.;29950060000157
NTCO3;NATURA &CO HOLDING S.A.;32785497000197
NUBR33;NU HOLDINGS LTD;24410913000144
NUTR3;NUTRIPLANT INDUSTRIA E COMERCIO S.A.;51128999000190
ODER3;CONSERVAS ODERICH S.A.;97191902000194
ODER4;CONSERVAS ODERICH S.A.;97191902000194
ODPV3;ODONTOPREV S.A.;58119199000151
OFSA3;OURO FINO SAUDE ANIMAL PARTICIPACOES S.A.;20258278000170
OIBR3;OI S.A.;76535764000143
OIBR4;OI S.A.;76535764000143
ONCO3;ONCOCLINICAS DO BRASIL SERVICOS MEDICOS S.A.;12104241000402
OPCT3;OCEANPACT SERVICOS MARITIMOS S.A.;09114805000130
OPGM3B;GAMA PARTICIPACOES S.A.;02796775000140
OPSE3B;SUDESTE S.A.;02062747000108
OPTS3B;SUL 116 PARTICIPACOES S.A.;01957772000189
ORVR3;ORIZON VALORIZACAO DE RESIDUOS S.A.;11421994000136
OSXB3;OSX BRASIL S.A.;09112685000132
PARD3;INSTITUTO HERMES PARDINI S.A.;19378769000176
PASS3;COMPASS GÁS E ENERGIA S.A.;21389501000181
PASS6;COMPASS GÁS E ENERGIA S.A.;21389501000181
PATI3;PANATLANTICA S.A.;92693019000189
PATI4;PANATLANTICA S.A.;92693019000189
PCAR3;CIA BRASILEIRA DE DISTRIBUICAO;47508411000156
PDGR3;PDG REALTY S.A. EMPREEND E PARTICIPACOES;02950811000189
PDTC3;PADTEC HOLDING S.A.;02365069000144
PEAB3;CIA PARTICIPACOES ALIANCA DA BAHIA;01938783000111
PEAB4;CIA PARTICIPACOES ALIANCA DA BAHIA;01938783000111
PETR3;PETROLEO BRASILEIRO S.A. PETROBRAS;33000167000101
PETR4;PETROLEO BRASILEIRO S.A. PETROBRAS;33000167000101
PETZ3;PET CENTER COMERCIO E PARTICIPACOES S.A.;18328118000109
PFRM3;PROFARMA DISTRIB PROD FARMACEUTICOS S.A.;45453214000151
PGMN3;EMPREENDIMENTOS PAGUE MENOS S.A.;06626253000151
PINE3;BCO PINE S.A.;62144175000120
PINE4;BCO PINE S.A.;62144175000120
PLAS3;PLASCAR PARTICIPACOES INDUSTRIAIS S.A.;51928174000150
PLPL3;PLANO & PLANO DESENVOLVIMENTO IMOBILIÁRIO S.A.;24230275000180
PMAM3;PARANAPANEMA S.A.;60398369000126
PNVL3;DIMED S.A. DISTRIBUIDORA DE MEDICAMENTOS;92665611000177
POMO3;MARCOPOLO S.A.;88611835000129
POMO4;MARCOPOLO S.A.;88611835000129
PORT3;WILSON SONS HOLDINGS BRASIL S.A.;33130691000105
POSI3;POSITIVO TECNOLOGIA S.A.;81243735000148
PPAR3;POLPAR S.A.;59789545000171
PPLA11;PPLA PARTICIPATIONS LTD.;15073274000188
PRIO3;PETRO RIO S.A.;10629105000168
PRNR3;PRINER SERVIÇOS INDUSTRIAIS S.A.;18593815000197
PRPT3B;PROMPT PARTICIPACOES S.A.;02992449000109
PSSA3;PORTO SEGURO S.A.;02149205000169
PTBL3;PBG S/A;83475913000191
PTCA11;PRATICA KLIMAQUIP INDUSTRIA E COMERCIO SA;08574411000100
PTCA3;PRATICA KLIMAQUIP INDUSTRIA E COMERCIO SA;08574411000100
PTNT3;PETTENATI S.A. INDUSTRIA TEXTIL;88613658000110
PTNT4;PETTENATI S.A. INDUSTRIA TEXTIL;88613658000110
QUAL3;QUALICORP CONSULTORIA E CORRETORA DE SEGUROS S.A.;11992680000193
QUSW3;QUALITY SOFTWARE S.A.;35791391000194
QVQP3B;524 PARTICIPACOES S.A.;01851771000155
RADL3;RAIA DROGASIL S.A.;61585865000151
RAIL3;RUMO S.A.;02387241000160
RAIZ4;RAIZEN S.A.;33453598000123
RANI3;IRANI PAPEL E EMBALAGEM S.A.;92791243000103
RAPT3;RANDON S.A. IMPLEMENTOS E PARTICIPACOES;89086144000116
RAPT4;RANDON S.A. IMPLEMENTOS E PARTICIPACOES;89086144000116
RBNS11;RODOBENS S.A;59981829000165
RCSL3;RECRUSUL S.A.;91333666000117
RCSL4;RECRUSUL S.A.;91333666000117
RDNI3;RNI NEGÓCIOS IMOBILIÁRIOS S.A.;67010660000124
RDOR3;Rede DOr São Luiz S.A.;06047087000139
RECV3;PETRORECONCAVO S.A.;03342704000130
REDE3;REDE ENERGIA PARTICIPAÇÕES S.A.;61584140000149
RENT3;LOCALIZA RENT A CAR S.A.;16670085000155
RNEW11;RENOVA ENERGIA S.A.;08534605000174
RNEW3;RENOVA ENERGIA S.A.;08534605000174
RNEW4;RENOVA ENERGIA S.A.;08534605000174
ROMI3;INDUSTRIAS ROMI S.A.;56720428000163
RPAD3;ALFA HOLDINGS S.A.;17167396000169
RPAD5;ALFA HOLDINGS S.A.;17167396000169
RPAD6;ALFA HOLDINGS S.A.;17167396000169
RPMG3;REFINARIA DE PETROLEOS MANGUINHOS S.A.;33412081000196
RRRP3;3R PETROLEUM ÓLEO E GÁS S.A;12091809000155
RSID3;ROSSI RESIDENCIAL S.A.;61065751000180
RSUL3;METALURGICA RIOSULENSE S.A.;85778074000106
RSUL4;METALURGICA RIOSULENSE S.A.;85778074000106
SANB11;BCO SANTANDER (BRASIL) S.A.;90400888000142
SANB3;BCO SANTANDER (BRASIL) S.A.;90400888000142
SANB4;BCO SANTANDER (BRASIL) S.A.;90400888000142
SANB99;BCO SANTANDER (BRASIL) S.A.;90400888000142
SAPR11;CIA SANEAMENTO DO PARANA ? SANEPAR;76484013000145
SAPR3;CIA SANEAMENTO DO PARANA ? SANEPAR;76484013000145
SAPR4;CIA SANEAMENTO DO PARANA ? SANEPAR;76484013000145
SBFG3;GRUPO SBF SA;13217485000111
SBSP3;CIA SANEAMENTO BASICO EST SAO PAULO;43776517000180
SCAR3;SAO CARLOS EMPREEND E PARTICIPACOES S.A.;29780061000109
SEER3;SER EDUCACIONAL S.A.;04986320000113
SEQL3;SEQUOIA LOGISTICA E TRANSPORTES S.A;01599101000193
SGPS3;SPRINGS GLOBAL PARTICIPACOES S.A.;07718269000157
SHOW3;T4F ENTRETENIMENTO S.A.;02860694000162
SHUL3;SCHULZ S.A.;84693183000168
SHUL4;SCHULZ S.A.;84693183000168
SIMH3;SIMPAR S.A.;07415333000120
SLCE3;SLC AGRICOLA S.A.;89096457000155
SLED3;SARAIVA LIVREIROS S.A. ? EM RECUPERAÇÃO JUDICIAL;60500139000126
SLED4;SARAIVA LIVREIROS S.A. ? EM RECUPERAÇÃO JUDICIAL;60500139000126
SMFT3;SMARTFIT ESCOLA DE GINÁSTICA E DANÇA S.A.;07594978000178
SMTO3;SAO MARTINHO S.A.;51466860000156
SNSY3;SANSUY S.A. INDUSTRIA DE PLASTICOS;14807945000124
SNSY5;SANSUY S.A. INDUSTRIA DE PLASTICOS;14807945000124
SNSY6;SANSUY S.A. INDUSTRIA DE PLASTICOS;14807945000124
SOJA3;BOA SAFRA SEMENTES S.A.;10807374000177
SOMA3;GRUPO DE MODA SOMA S.A.;10285590000108
SOND3;SONDOTECNICA ENGENHARIA SOLOS S.A.;33386210000119
SOND5;SONDOTECNICA ENGENHARIA SOLOS S.A.;33386210000119
SOND6;SONDOTECNICA ENGENHARIA SOLOS S.A.;33386210000119
SQIA3;SINQIA S.A.;04065791000199
STBP3;SANTOS BRASIL PARTICIPACOES S.A.;02762121000104
STKF3;STATKRAFT ENERGIAS RENOVAVEIS S.A.;00622416000141
SUZB3;SUZANO S.A.;16404287000155
SYNE3;SYN PROP E TECH S.A.;08801621000186
TAEE11;TRANSMISSORA ALIANÇA DE ENERGIA ELÉTRICA S.A.;07859971000130
TAEE3;TRANSMISSORA ALIANÇA DE ENERGIA ELÉTRICA S.A.;07859971000130
TAEE4;TRANSMISSORA ALIANÇA DE ENERGIA ELÉTRICA S.A.;07859971000130
TASA3;TAURUS ARMAS S.A.;92781335000102
TASA4;TAURUS ARMAS S.A.;92781335000102
TCNO3;TECNOSOLO ENGENHARIA S.A.;33111246000190
TCNO4;TECNOSOLO ENGENHARIA S.A.;33111246000190
TCSA3;TECNISA S.A.;08065557000112
TECN3;TECHNOS S.A.;09295063000197
TEGA3;TEGRA INCORPORADORA S.A.;30213493000109
TEKA3;TEKA-TECELAGEM KUEHNRICH S.A.;82636986000155
TEKA4;TEKA-TECELAGEM KUEHNRICH S.A.;82636986000155
TELB3;TELEC BRASILEIRAS S.A. TELEBRAS;00336701000104
TELB4;TELEC BRASILEIRAS S.A. TELEBRAS;00336701000104
TEND3;CONSTRUTORA TENDA S.A.;71476527000135
TFCO4;TRACK & FIELD CO S.A.;59418806000147
TGMA3;TEGMA GESTAO LOGISTICA S.A.;02351144000118
TIMS3;TIM S.A.;02421421000111
TKNO3;TEKNO S.A. ? INDUSTRIA E COMERCIO;33467572000134
TKNO4;TEKNO S.A. ? INDUSTRIA E COMERCIO;33467572000134
TOTS3;TOTVS S.A.;53113791000122
TPIS3;TPI ? TRIUNFO PARTICIP. E INVEST. S.A.;03014553000191
TRAD3;TC TRADERS CLUB S.A.;26345998000150
TRIS3;TRISUL S.A.;08811643000127
TRPL3;CTEEP ? CIA TRANSMISSÃO ENERGIA ELÉTRICA PAULISTA;02998611000104
TRPL4;CTEEP ? CIA TRANSMISSÃO ENERGIA ELÉTRICA PAULISTA;02998611000104
TTEN3;TRÊS TENTOS AGROINDUSTRIAL SA;94813102000170
TUPY3;TUPY S.A.;84683374000149
TXRX3;TEXTIL RENAUXVIEW S.A.;82982075000180
TXRX4;TEXTIL RENAUXVIEW S.A.;82982075000180
UCAS3;UNICASA INDÚSTRIA DE MÓVEIS S.A.;90441460000148
UGPA3;ULTRAPAR PARTICIPACOES S.A.;33256439000139
UNIP3;UNIPAR CARBOCLORO S.A.;33958695000178
UNIP5;UNIPAR CARBOCLORO S.A.;33958695000178
UNIP6;UNIPAR CARBOCLORO S.A.;33958695000178
UPKP3B;UPTICK PARTICIPACOES S.A.;02162616000194
USIM3;USINAS SID DE MINAS GERAIS S.A.-USIMINAS;60894730000105
USIM5;USINAS SID DE MINAS GERAIS S.A.-USIMINAS;60894730000105
USIM6;USINAS SID DE MINAS GERAIS S.A.-USIMINAS;60894730000105
VALE3;VALE S.A.;33592510000154
VAMO3;VAMOS LOCAÇÃO DE CAMINHÕES, MÁQUINAS E EQUIP. S.A.;23373000000132
VBBR3;VIBRA ENERGIA S.A.;34274233000102
VIIA3;VIA S.A;33041260065290
VITT3;VITTIA FERTILIZANTES E BIOLOGICOS S.A.;45365558000109
VIVA3;VIVARA PARTICIPAÇÕES S.A;33839910000111
VIVR3;VIVER INCORPORADORA E CONSTRUTORA S.A.;67571414000141
VIVT3;TELEFÔNICA BRASIL S.A;02558157000162
VLID3;VALID SOLUÇÕES S.A.;33113309000147
VSTE3;VESTE S.A. ESTILO;49669856000143
VULC3;VULCABRAS/AZALEIA S.A.;50926955000142
VVEO3;CM HOSPITALAR S.A.;12420164000157
WEGE3;WEG S.A.;84429695000111
WEST3;WESTWING COMERCIO VAREJISTA S.A.;14776142000150
WHRL3;WHIRLPOOL S.A.;59105999000186
WHRL4;WHIRLPOOL S.A.;59105999000186
WIZC3;WIZ CO PARTICIPAÇÕES E CORRETAGEM DE SEGUROS S.A.;42278473000103
WLMM3;WLM PART. E COMÉRCIO DE MÁQUINAS E VEÍCULOS S.A.;33228024000151
WLMM4;WLM PART. E COMÉRCIO DE MÁQUINAS E VEÍCULOS S.A.;33228024000151
YBRA3B;YBRA3 TENNOLOGIA LTDA;02217319000107
YDUQ3;YDUQS PARTICIPACOES S.A.;08807432000110
ZAMP3;ZAMP S.A.;13574594000196
ABCP11;FII GRAND PLAZA;01201140000190
AFHI11;AF INVEST CRI FUNDO DE INVESTI-UNICA;36642293000158
AIEC11;AUTONOMY EDIFICIOS CORPORATIVO-UNICA;35765826000126
ALMI11;TORRE ALMIRANTE FII;07122725000100
ALZM11;ALIANZA MULTIESTRATEGIA FII-UNICA;34847063000108
ALZR11;ALIANZA TRUST RENDA IMOBILIARI-UNICA;28737771000185
ANCR11B;ANCAR IC FII-UNICA;07789135000127
APTO11;NAVI RESIDENCIAL FUNDO DE INVE;42432327000182
APTO12;NAVI RESIDENCIAL FUNDO DE INVE;42432327000182
ARRI11;ATRIO REIT RECEBIVEIS FII-UNICA;32006821000121
ASMT11;ASA METROPOLIS FII-UNICA;38293921000162
ATCR11;HAZ FII;14631148000139
ATSA11;HEDGE ATRIUM SHOPPING SANTO AN-UNICA;12809972000100
BARI11;FI IMOBILIARIO BARIGU;29267567000100
BBFI11B;FII BB PROGRESSIVO;07000400000146
BBFO11;FII BB FOF-UNICA;37180091000102
BBIM11;BB RECEBIVEIS IMOBILIARIOS FII;20716161000193
BBPO11;BB PROGRESSIVO II FII;14410722000129
BBRC11;FII BB RENDA CORPORATIVA;12681340000104
BCFF11;FII BTG PACTUAL FUNDO DE FUNDO-UNICA;11026627000138
BCIA11;BRADESCO CARTEIRA IMOBILIARIA -CLASSE UN;20216935000117
BCRI11;BANESTES RECEBIVEIS IMOBILIARI-UNICA;22219335000138
BICE11;BRIO CREDITO ESTRUTURADO - FII-UNICA;39332032000120
BICR11;INTER TITULOS IMOBILIARIOS FII-UNICA;34007109000172
BIME11;BRIO MULTIESTRATEGIA - FI IMOB;41081356000184
BIPD11;BRIO REAL ESTATE IV - FUNDO DE-UNICA;42869892000101
BLCA11;BLUEMACAW CATUAI TRIPLE A FII-UNICA;41076748000155
BLMC11;BLUEMACAW CRED IMOB -UNICA;38294221000192
BLMG11;BLUEMACAW LOGISTICA FUNDO DE I-UNICA;34081637000171
BLMO11;BLUEMACAW OFFICE FUND II FUNDO-UNICA;34895894000147
BLMR11;BLUEMACAW RENDA+ FOF FUNDO DE -UNICA;36368869000130
BLUR11;FII - BLUE RECEBIVEIS IMOBILIA-UNICA;38051307000194
BMII11;FII BRASILIO MACHADO;02027437000144
BMLC11;BM BRASCAN LAJES CORPORATIVAS FII;14376247000111
BNFS11;BANRISUL NOVAS FRONTEIRAS FII;15570431000160
BPFF11;FI IMOBILIARIO BRASIL PLURAL A-UNICA;17324357000128
BPML11;FI IMOBILIA-UNICA;33046142000149
BPRP11;FI IMOBILIARIO - FII;29800650000101
BRCO11;BRESCO LOGISTICA FUNDO DE INVE-UNICA;20748515000181
BRCR11;BTG PACTUAL CORPORATE OFFICE FUND FII;08924783000101
BREV11;BRAZIL REAL ESTATE VICTORY FUND I - FUND;26195121000120
BRHT11B;FII BR HOTEIS;15461076000191
BRIM11;FII BRIO REAL ESTATE II-UNICA;23964843000103
BRIP11;BRIO REAL ESTATE III FII-UNICA;34895752000180
BRLA11;FI IMOBILIA-MEZANINO;35652278000128
BTAL11;FII BTG PACTUAL AGRO LOGISTICA-UNICA;36642244000115
BTCI11;FII BTG PACTUAL CREDITO IMOBIL-UNICA;09552812000114
BTLG11;BTG PACTUAL LOGISTICA FUNDO DE-UNICA;11839593000109
BTRA11;FII BTG PACTUAL TERRAS AGRICOL-UNICA;41076607000132
BTSG11;BTSP I FII-UNICA;36098375000183
BTSI11;BTSP II FII-UNICA;36930464000144
BTWR11;BTOWERS FII-UNICA;20132453000189
BVAR11;FI IMOBILIARIO BRASIL;21126204000143
BZLI11;BRAZIL REALTY FII;14074706000102
CACR11;CARTESIA RECEBIVEIS IMOBILIARI-UNICA;32065364000146
CARE11;BRAZILIAN GRAVEYARD FII-UNICA;13584584000131
CBOP11;CASTELLO BRANCO OFFICE PARK FI-UNICA;17144039000185
CCLB11;FII CENTRAL LEBLON - FUNDO DE -UNICA;45777347000183
CCME11;FII CANUMA CAPITAL MULTIESTRAT-UNICA;43010844000126
CCRF11;RBR CRI - FII-UNICA;40011268000143
CEOC11;CEO CYRELA COMMERCIAL PROPERTIES FII;15799397000109
CFHI11;CF2 FI IMOBILIARIO;34508923000170
CJCT11;CIDADE JARDIM CONTINENTAL TOWE-UNICA;10347985000180
CNES11;CENESP FII;13551286000145
CPFF11;CAPITANIA REIT FOF - FII-UNICA;34081611000123
CPTS11;CAPITANIA SECURITIES II FII-CLASSE A;18979895000113
CRFF11;CAIXA RIO BRAVO FUNDO DE FII I-UNICA;31887401000139
CTXT11;FII CENTRO TEXTIL INTERNACIONAL;00762723000128
CVBI11;FII VBI CRI-UNICA;28729197000113
CXAG11;FI IMOBILIA-UNICA;40189596000134
CXCE11B;FII CAIXA CEDAE-UNICA;10991914000115
CXCI11;FII CAIXA CARTEIRA IMOBILIARIA-1;42066916000194
CXCO11;FI IMOBILIA-UNICA;38658984000175
CXRI11;CAIXA RIO BRAVO FUNDO DE FII-UNICA;17098794000170
CXTL11;FII CAIXA SEQ LOGISTICA RENDA-UNICA;12887506000143
CYCR11;CYRELA CREDITO - FII-CLASSE UN;36501233000115
DAMT11B;FII DIAMANTE-UNICO;26642727000166
DEVA11;DEVANT RECEBIVEIS IMOBILIARIOS-UNICA;37087810000137
DOVL11B;DOVEL FI IM-UNICA;10522648000181
DPRO11;DEVANT PROPERTIES FII-UNICA;42922127000108
DRIT11B;FII MULTIGESTAO RENDA COMERCIA-UNICA;10456810000100
DVFF11;FII - DEVANT FOF IMOBILIARIOS-UNICA;39863059000149
EDFO11B;FII EDIFICIO OURINVEST;06175262000173
EDGA11;EDIFICIO GALERIA FII;15333306000137
EGYR11;ENERGY RESORT FUNDO DE INVESTI-CL UNICA;36969658000153
ELDO11B;ELDORADO FII;13022994000199
EQIR11;EQI RECEBIVEIS IMOBILIARIOS FI-1;41076380000125
ERCR11;ESTOQUE RESIDENCIAL E COMERCIA-SENIORES;37266902000184
ERCR13;ESTOQUE RESIDENCIAL E COMERCIA-SUBORDINA;37266902000184
ERPA11;EUROPA 105 - FII-UNICA;31469385000164
EURO11;FII EUROPAR;05437916000127
EVBI11;VBI CONSUMO ESSENCIAL FUNDO DE-UNICA;34691520000100
EVBI12;VBI CONSUMO ESSENCIAL FUNDO DE-UNICA;34691520000100
EXES11;EXES FII-UNICA;41076851000103
FAED11;ANHANGUERA EDUCACIONAL FII;11179118000145
FAMB11B;EDIFICIO ALMIRANTE BARROSO FII-UNICA;05562312000102
FATN11;FI IMOBILIARIO ATHENA;30567216000102
FCFL11;FI IMOBILIARIO - FII;11602654000101
FIGS11;GENERAL SHOPPING ATIVO E RENDA-UNICA;17590518000125
FIIB11;FII INDUSTRIAL DO BRASIL-UNICA;14217108000145
FIIP11B;RB CAPITAL RENDA I FII;08696175000197
FINF11;INFRA REAL ESTATE FII;18369510000104
FISC11;FI IMOBILIÁRIO SC 401;12804013000100
FISD11;FII SAO DOMINGOS;16543270000189
FIVN11;VIDA NOVA FII;17854016000164
FLCR11;FARIA LIMA CAPITAL RECEBIVEIS -UNICA;33884145000151
FLMA11;CONTINENTAL SQUARE FAERIA LIMA;04141645000103
FLRP11;HEDGE FLORIPA SHOPPING FII-UNICA;10375382000191
FMOF11;FII MEMORIAL OFFICE-UNICA;01633741000172
FPAB11;FII PROJETO AGUA BRANCA-UNICA;03251720000118
FPNG11;FII PEDRA NEGRA RENDA IMOBILIARIA;17161979000182
FTCE11B;OPPORTUNITY FII-CLASSE UN;01235622000161
FVPQ11;FII VIA PARQUE SHOPPING FII;00332266000131
GALG11;FII GUARDIAN LOGISTICA-UNICA;37295919000160
GAME11;FII GUARDIAN MULT IMOB I-UNICA;41269052000145
GCFF11;GALAPAGOS FUNDO DE FUNDOS - FI-UNICA;35652154000142
GCRI11;GALAPAGOS RECEBIVEIS IMOBILIAR-UNICA;38293897000161
GESE11B;FII GENERAL SEVERIANO-CLASSE UN;17007528000195
GGRC11;GGR COVEPI RENDA FII;26614291000100
GGRC12;GGR COVEPI RENDA FII;26614291000100
GSFI11;GENERAL SHOPPING E OUTLETS DO -UNICA;11769604000113
GTLG11;GTIS BRAZIL LOGISTICS FUNDO DE-UNICA;36200677000110
GTWR11;FII GREEN TOWERS-UNICA;23740527000158
GURB11;GENIAL RENDA URBANA FII-UNICA;36501210000100
HAAA11;HEDGE AAA FII-UNICA;27445482000140
HABT11;HABITAT II - FII;30578417000105
HBCR11;FII HBC RENDA URBANA-CLASSE UN;36501159000137
HBRH11;FII MULT RENDA URBANA-UNICA;30871698000181
HCHG11;HECTARE RECEBIVEIS HIGH GRADE -UNICA;34508959000154
HCRI11;HOSPITAL DA CRIANCA FII;04066582000160
HCST11;HECTARE DESENVOLVIME STUDENT HOUSING FII;31152015000107
HCTR11;HECTARE CE FII-UNICA;30248180000196
HDEL11;HEDGE DESENVOLVIMENTO LOGISTIC-CLASSE UN;44514162000113
HDOF11;HEDGE PALADIN DESIGN OFFICES F-UNICA;35688460000139
HFOF11;HEDGE TOP FOFII 3 FII-UNICA;18307582000119
HFOF12;HEDGE TOP FOFII 3 FII-UNICA;18307582000119
HGBS11;HEDGE BRASIL SHOPPING FII-UNICA1;08431747000106
HGCR11;CSHG RECEBIVEIS IMOBILIARIOS -UNICA;11160521000122
HGFF11;CSHG IMOBILIARIO FOF - FII-UNICA;32784898000122
HGIC11;HGI CREDITOS IMOBILIARIOS FII-UNICA;38456508000171
HGLG11;CSHG LOGISTICA FII - FII-UNICA;11728688000147
HGPO11;CSHG PRIME OFFICES FII-UNICA;11260134000168
HGRE11;CSHG REAL ESTATE FII-UNICA;09072017000129
HGRU11;CSHG RENDA URBANA - FII-UNICA;29641226000153
HLOG11;HEDGE LOGISTICA FII-UNICA;27486542000172
HOFC11;HEDGE OFFICE INCOME FUNDO DE I-UNICA;31894369000119
HOSI11;FII HOUSI;34081631000102
HPDP11;HEDGE SHOPPING PARQUE DOM PEDR-UNICA;35586415000173
HRDF11;HEDGE REALTY DEVELOPMENT FII-UNICA;16929519000199
HREC11;HEDGE RECEBIVEIS IMOBILIARIOS -UNICA;35507262000121
HSAF11;HSI ATIVOS FINANCEIROS - FII-UNICA;35360687000150
HSLG11;HSI LOGÍSTICA FI IMOBILIÁRIO;32903621000171
HSML11;HSI MALLS FUNDO DE INVESTIMENT-UNICA;32892018000131
HSRE11;HSI RENDA IMOBILIARIA FII-UNICA;08098114000128
HTMX11;HOTEL MAXINVEST FII-UNICA;08706065000169
HUSC11;FII HOSPITAL UNIMED SUL CAPIXABA;28851767000143
HUSI11;HUSI FI IMO-UNICA;30017492000199
IBCR11;FII DE CRI INTEGRAL BREI-UNICA;40011251000196
IDFI11;FII DE UNIDADES AUTONOMAS-UNICA;32774914000104
IDGR11;FII DE UNIDADES AUTONOMAS II-UNICA;44177538000141
IRDM11;IRIDIUM RECEBIVEIS IMOBILIARIO-UNICA;28830325000110
IRIM11;IRIDIUM FI -UNICA;41076564000195
ITIP11;ITIP FII-UNICA;36312772000106
ITIT11;ITIT FII-UNICA;36293425000183
JASC11;JASC RENDA VAREJO ESSENCIAL FU-UNICA;40886241000102
JASC12;JASC RENDA VAREJO ESSENCIAL FU-UNICA;40886241000102
JBFO11;JBFO FOF FI-COTACAO U;36615915000159
JFLL11;JFL LIVING FII-CLASSE UN;36501181000187
JPPA11;JPP CAPITAL RECEB. IMOB. FII-UNICA;30982880000100
JPPC11;JPP CAPITAL FI. IMO-UNICA;17216625000198
JRDM11;SHOPPING JD SUL FII-UNICA;14879856000193
JSAF11;JS ATIVOS FINANCEIROS FUNDO DE-UNICA;42085661000107
JSRE11;JS REAL ESTATE MULTIGESTAO FII;13371132000171
JTPR11;JT PREV FII DESENVOLVIMENTO HA-UNICA;23876086000116
KCRE11;KINEA CREDITAS FII-UNICA;42502802000140
KEVE11;EVEN II KINEA FUNDO DE INVESTI-UNICA;32317313000164
KFOF11;KINEA FUNDO DE FUNDOS DE INVES-UNICA;30091444000140
KINP11;EVEN PERMUTA KINEA FII - FUNDO DE INVEST;24070076000151
KISU11;KILIMA FC DE FII SUNO 30-UNICA;36669660000107
KIVO11;KILIMA VOLKANO RECEBIVEIS IMOB-UNICA;42273325000198
KNCR11;KINEA RENDIMENTOS IMOBILIARIOS-U;16706958000132
KNHY11;KINEA HIGH YIELD CRI FUNDO DE -UNICA;30130708000128
KNIP11;KINEA INDICES DE PRECOS FUNDO -UNICA;24960430000113
KNRE11;KINEA II REAL ESTATE EQUITY;14423780000197
KNRI11;KINEA RENDA IMOBILIARIA FUNDO -UNICA;12005956000165
KNSC11;KINEA SECURITIES FUNDO DE INVE-1;35864448000138
LASC11;LEGATUS SHOPPINGS FII-UNICA;30248158000146
LATR11B;LATERES FII;17209378000100
LFTT11;LOFT II MAISON SAO PAULO FUNDO-COTA A;24796967000190
LGCP11;LOGCP INTER FUNDOS DE INVESTIM-UNICA;34598181000111
LIFE11;LIFE CAPITAL PARTNERS FII-UNICA;39753295000102
LIFE12;LIFE CAPITAL PARTNERS FII-UNICA;39753295000102
LKDV11;FII DEVELOPMENT V1-UNICA;40102445000105
LLAO11;BS2 ALLINVESTMENTS FII-SUBORDINA;41218404000133
LPLP11;LAGO DA PEDRA FII-UNICA;37262752000130
LUGG11;LUGGO FI IM-UNICA;34835191000123
LUGG12;LUGGO FI IM-UNICA;34835191000123
LVBI11;VBI LOGISTICO FI IMOBILIARIO-UNICA;30629603000118
MALL11;MALLS BRASIL PLURAL FII;26499833000132
MANA11;MANATI CAPITAL HEDGE FUND FII-CLASSE UN;42888583000189
MANA12;MANATI CAPITAL HEDGE FUND FII-CLASSE UN;42888583000189
MATV11;MORE GESTAO ATIVA DE RECEBIVEI-UNICA;41076678000135
MAXR11;MAX RETAIL FII;11274415000170
MCCI11;MAUA CAPITAL RECEBIVEIS IMOBIL-UNICA;23648935000184
MCCI12;MAUA CAPITAL RECEBIVEIS IMOBIL-UNICA;23648935000184
MCHF11;MAUA CAPITAL HEDGE FUND FII-UNICA;36642139000186
MCHF12;MAUA CAPITAL HEDGE FUND FII-UNICA;36642139000186
MCHY11;FII MAUA HIGH YIELD-UNICA;36655973000106
MFAI11;MERITO FUNDOS E ACOES IMO FII-UNICA;32397369000176
MFCR11;MERITO RECEBIVEIS IMOBILIARIOS-UNICA;45403337000188
MFCR12;MERITO RECEBIVEIS IMOBILIARIOS-UNICA;45403337000188
MFII11;MERITO DESENVOLVIMENTO IMOBILIARIO FII;16915968000188
MGCR11;FII MOGNO CERTIFICADOS DE RECE-UNICA;35652204000191
MGFF11;FI IMOBILIA-UNICA;29216463000177
MGHT11;FII MOGNO HOTEIS-UNICA;34197776000165
MGRI11;MOGNO PROPERTIES FUNDO DE INVE-UNICA;41320997000144
MINT11;FII MINT EDUCACIONAL-CLASSE UN;19872887000136
MMVE11;MARESIAS FI-UNICA;41251337000159
MORC11;MORE RECEBIVEIS IMOBILIARIOS F-UNICA;40102474000169
MORC12;MORE RECEBIVEIS IMOBILIARIOS F-UNICA;40102474000169
MORE11;MORE REAL ESTATE FOF FII FUNDO-UNICA;34197727000122
MTOF11;ALIANZA MULTIOFFICES - FUNDO D-UNICA;22862226000134
MXRF11;MAXI RENDA FII-UNICA;97521225000125
NAVT11;NAVI IMOBILIARIO TOTAL RETURN -UNICA;35652252000180
NCHB11;FII NCH BRASIL RECEB. IMOB.-UNICA;18085673000157
NCRI11;NAVI CRED IMOB - FII-UNICA;40041603000156
NEWL11;NEWPORT LOGISTICA FI;32527626000147
NEWU11;NEWPORT RENDA URBANA FII-CLASSE UN;14793782000178
NSLU11;HOSP NOSSA SENHORA DE LOURDES -UNICA;08014513000163
NVHO11;FII NOVO HORIZONTE-CLASSE UN;17025970000144
NVIF11B;FII NOVA I-UNICA;22003469000117
OGHY11;ORAMA HIGH YIELD FII-UNICA;47240631000141
ONEF11;FII THE ONE;12948291000123
OUFF11;OURINVEST FOF FII-UNICA;30791386000168
OUJP11;OURINVEST JPP FUNDO DE INVESTI-CLASSE UN;26091656000150
OULG11;FII OURINVEST LOGISTICA-UNICA;13974819000100
OURE11;OURINVEST RENDA ESTRUTURADA FI-UNICA;28516650000103
PABY11;FUNDO PANAMBY;00613094000174
PATC11;PATRIA EDIFICIOS CORPORATIVOS -UNICA;30048651000112
PATL11;PATRIA LOGISTICA FUNDO DE INVE-UNICA;35754164000199
PBLV11;PROLOGIS BRAZIL LOGISTICS VENT-UNICA;31962875000106
PEMA11;PERFORMA REAL ESTATE FII-UNICA;34736510000143
PLCR11;PLURAL RECEBIVEIS IMOBILIARIOS FUNDO DE;32527683000126
PLOG11;PLURAL LOGISTICA FII-CLASSE UN;36501198000134
PLRI11;POLO FII RECEBIVEIS IMOBILIARIOS I;14080689000116
PNPR11;PANORAMA PROPERTIES FII-UNICA;26813118000122
PORD11;POLO CRED IMOB FII-UNICA;17156502000109
PQAG11;PARQUE ANHANGUERA FII-UNICA;12978943000172
PQDP11;PARQUE DOM PEDRO SHOPPING CENT-UNICA;10869155000112
PRSN11B;PERSONALE I FII;14056001000162
PRSV11;PRESIDENTE VARGAS FII-CLASSE UN;11281322000172
PVBI11;FII VBI PRIME PROPERTIES-UNICA;35652102000176
QAGR11;QUASAR AGRO - FI IMOB;32754734000152
QAMI11;QUASAR CRED IMOB FII-CLASSE UN;32400264000129
RBDS11;RB CAPITAL DESENV RESIDENCIAL -UNICA;11945604000127
RBED11;RIO BRAVO RENDA EDUCACIONAL-UNICA;13873457000152
RBFF11;RIO BRAVO FUNDO DE FII-UNICA;17329029000114
RBHG11;RIO BRAVO CRED IMOB -UNICA;30647758000187
RBHY11;RIO BRAVO CRED IMOB -UNICA;37899479000150
RBHY12;RIO BRAVO CRED IMOB -UNICA;37899479000150
RBIR11;RB CAPITAL DESENVOLVIMENTO RESIDENCIAL I;31161410000148
RBLG11;RB CAPITAL LOGISTICO FUNDO DE -A;35652227000104
RBOP11;FI IMOBILIÁRIO RIO BRAVO OPORTUNIDADES IMOBILIÁRIA;13500306000159
RBRD11;FII RB CAPITAL RENDA II;09006914000134
RBRF11;RBR ALPHA MULTIESTRATEGIA REAL-RBRF11;27529279000151
RBRI11;RBR DESENVOLVIMENTO III FI IMO-UNICA;32441656000136
RBRL11;RBR LOG FI-UNICA;35705463000133
RBRM11;FII RBR DESENVOLVIMENTO-UNICA;26314437000193
RBRP11;FII RBR PROPERTIES - FII-UNICA;21408063000151
RBRR11;FI IMOBILIA-UNICA;29467977000103
RBRS11;RIO BRAVO RENDA RESIDENCIAL FU-PRIMEIRA;36517660000191
RBRX11;FII RBR PLUS MULTIESTRATEGIA R-UNICA;41088458000121
RBRY11;FI IMOBILIA-UNICA;30166700000111
RBTS11;RB CAPITAL TFO SITUS FUNDO DE INVESTIMEN;29299737000139
RBVA11;FII AGENCIAS CAIXA;15576907000170
RBVO11;FII CRED IMOB II;15769670000144
RCFA11;GRUPO RCFA FUNDO DE INVESTIMEN-UNICA;27771586000144
RCFF11;RBR DESENVOLVIMENTO COMERCIAL FEEDER FOF;35689670000141
RCRB11;FI IMOBILIARIO RIO BR;03683056000186
RDPD11;FII BB RENDA DE PAPEIS II;23120027000113
RECR11;FII FII REC RECEBIVEIS IMOBILI-UNICA;28152272000126
RECT11;FII FII REC RENDA IMOBILIARIA-UNICA;32274163000159
RECX11;FII REC FUNDO DE FUNDOS-UNICA;36642356000176
REIT11;SINGULARE FII-UNICA;16841067000199
RELG11;FII REC LOGISTICA-UNICA;37112770000136
REON11;FII RESIDONE;20173064000100
RFOF11;FI IMOBILIARIO RB CAP;34027774000128
RINV11;REAL INVESTOR FII-UNICA;44625612000145
RMAI11;REAG MULT ATIVOS IMOBILIARIOS-UNICA;17374696000119
RNDP11;FII BB RENDA DE PAPEIS IMOBILI-UNICA;15394563000189
RNGO11;FII RIO NEGRO FII;15006286000190
ROOF11;FI IMOBILIA-UNICA;38456598000109
RPRI11;RBR PREM REC IM FII-UNICA;42502842000191
RRCI11;RB CAPITAL RECEBIVEIS IMOBILIA-UNICA;35689733000160
RSPD11;RB CAPITAL DESENVOLVIMENTO RES-UNICA;19249989000108
RVBI11;VBI REITS FOF FI IMOB;35507457000171
RZAK11;RIZA AKIN FUNDO DE INVESTIMENT-UNICA;36642219000131
RZAK12;RIZA AKIN FUNDO DE INVESTIMENT-UNICA;36642219000131
RZAT11;RIZA ARCTIUM REAL ESTATE FII-UNICA;28267696000136
RZTR11;FII RIZA TERRAX-CLASSE UN;36501128000186
SADI11;SANTANDER PAPEIS IMOBILIARIOS -UNICA;32903521000145
SAIC11B;FII SIA CORPORATE;17311079000174
SARE11;SANTANDER RENDA DE ALUGUEIS FU-UNICA;32903702000171
SCPF11;SCP;01657856000105
SDIL11;SDI;16671412000193
SEED13;HEDGE SEED FII-SUBORDINA;35689497000181
SEQR11;SEQUOIA III RENDA IMOBILIARIA -CLASSE UN;09517273000182
SEQR12;SEQUOIA III RENDA IMOBILIARIA -CLASSE UN;09517273000182
SFND11;FII SAO FERNANDO;09350920000104
SHDP11B;SHOPPING PARQUE DOM PEDRO FII-UNICA;07224019000160
SHOP11;MULT SHOPPINGS FII-UNICA;22459737000100
SHPH11;FII SHOPPING PATIO HIGIENOPOLIS;03507519000159
SHSO11;SH SPECIAL OPPS FII-UNICA;44527168000125
SJAU11;SJ AU LOGISTICA FII-UNICA;27771547000147
SNCI11;SUNO RECEBIVEIS FII-UNICA;41076710000182
SNFF11;SUNO FUNDO DE FUNDOS DE INVEST-UNICA;40011225000168
SNLG11;SUNO LOG FII-UNICA;40041711000129
SOLR11;SOLARIUM FII - FUNDO DE INVEST-UNICA;22169671000113
SPAF11;SPA FII;18311024000127
SPMO11;SUPREMO FI -UNICA;40225262000179
SPTW11;SP DOWNTOWN FII;15538445000105
SPXS11;FII SPX SYN MULTIESTRATEGIA-UNICA;43010543000100
SRVD11;SERRA VERDE FII-UNICA;38082796000141
STRX11;STARX FII-UNICA;11044355000107
TCIN11;G5 CIDADE NOVA FII-SENIOR;34197700000130
TCIN12;G5 CIDADE NOVA FII-SUB JR;34197700000130
TCPF11;TREECORP REAL ESTATE FII - I;26990011000150
TEPP11;TELLUS PROPERTIES FII;26681370000125
TGAR11;FII TG ATIVO REAL;25032881000153
TJKB11;TJK RENDA IMOBILIARIA FII-UNICA;39714024000148
TORD11;TORDESILHAS EI FII-UNICA;30230870000118
TRNT11;TORRE NORTE FII;04722883000102
TRXB11;TRX REAL ESTATE II FUNDO DE IN-UNICA;36368925000137
TRXB12;TRX REAL ESTATE II FUNDO DE IN-UNICA;36368925000137
TRXF11;TRX REAL ESTATE FUNDO DE INVES-UNICA;28548288000152
TRXF12;TRX REAL ESTATE FUNDO DE INVES-UNICA;28548288000152
TSER11;TISHMAN SPEYER RENDA CORPORATI-UNICA;34847042000184
TSNC11;TRANSINC FUNDO DE INVEST. IMOB-UNICA;17007443000107
URPR11;URCA PRIME RENDA FII-UNICA;34508872000187
VCJR11;VECTIS JUROS REAL FII-UNICA;32400250000105
VCRR11;VECTIS RENDA RESIDENCIAL FUNDO;40041723000153
VERE11;FII VEREDA;08693497000182
VGHF11;VALORA HEDGE FUND FII-UNICA;36771692000119
VGIP11;VALORA CRI INDICE DE PRECO FII-UNICA;34197811000146
VGIR11;VALORA CRI CDI FII-UNICA;29852732000191
VGIR12;VALORA CRI CDI FII-UNICA;29852732000191
VIFI11;VINCI INSTRUMENTOS FINANCEIROS FUNDO DE;31547855000160
VILG11;FII VINCI LOGISTICA-UNICA;24853044000122
VINO11;VINCI OFFICES FII-UNICA;12516185000170
VISC11;VINCI SHOPPING CENTERS FUNDO D-UNICA;17554274000125
VIUR11;VINCI IMOVEIS URBANOS FUNDO DE;36445587000190
VLJS11;VECTOR LAJES FII;13842683000176
VLOL11;FII VILA OLIMPIA CORPORATE;15296696000112
VOTS11;VOT SECURITIES MASTER FII-UNICA;17870926000130
VPSI11;FII POLO SHOPPING INDAIATUBA-UNICA;14721889000100
VRTA11;FATOR VERITA FUNDO DE INVESTIM-UNICA;11664201000100
VSEC11;FI IMOBILIARIO VOTORANTIM SECURITIES;10347505000180
VSHO11;FII VOTORANTIM SHOPPING;23740595000117
VSLH11;VERSALHES RECEBIVEIS IMOBILIARIOS - FI IMOBILIARIO;36244015000142
VTLT11;FII LOGISTICA;27368600000163
VVCO11;V2 EDIFICIOS CORPORATIVOS FII-UNICA;15006267000163
VVCO12;V2 EDIFICIOS CORPORATIVOS FII-UNICA;15006267000163
VXXV11;GENESIS MULTIESTRATEGIA FII-UNICA;30982974000189
WHGR11;WHG REAL ESTATE FII-CLASSE UN;41256643000188
WPLZ11;SHOPPING WEST PLAZA FII-UNICA;09326861000139
WSEC11;WARREN SECURITIES FI IMOBILIÁRIO - FII;43440579000116
WTSP11B;FI IMOBILIARIO - OURI;28693595000127
XPCI11;XP CRED IMOB - FII-UNICA;28516301000191
XPCM11;XP CORPORATE MACAE FII-UNICA;16802320000103
XPHT11;VRE HOTEIS - FII - FII HIBRIDO GESTAO AT;18308516000163
XPHT12;VRE HOTEIS - FII - FII HIBRIDO GESTAO AT;18308516000163
XPIN11;XP INDUSTRIAL FII;28516325000140
XPLG11;FII XP LOG;26502794000185
XPML11;XP MALLS FI-UNICA;28757546000100
XPPR11;FII XP PROPERTIES;30654849000140
XPSF11;XP SELECTION FII-UNICA;30983020000190
YUFI11;YUCA FII-UNICA;36445551000106
ZAVI11;ZAVIT REAL ESTATE FUND FII-UNICA;40575940000123
ZIFI11;ZION CAPITAL FII-UNICA;35820768000196
