IVVB11;ISHARES S&P 500 FDO INV COTAS FDO INDICE;19909600000000
BOVA11;ISHARES IBOVESPA FUNDO DE ÍNDICE;10406500000000
AALR3;CENTRO DE IMAGEM DIAGNOSTICOS S.A.;42771900000000
ABCB4;BCO ABC BRASIL S.A.;28195700000000
ABEV3;AMBEV S.A.;7526560000000
AERI3;AERIS IND. E COM. DE EQUIP. GERACAO DE ENERGIA S/A;12528700000000
AESB3;AES BRASIL ENERGIA S.A.;37663100000000
AESO3;AES BRASIL OPERAÇÕES SA ;194724000000
AFLT3;AFLUENTE TRANSMISSÃO DE ENERGIA ELÉTRICA S/A;10338300000000
AGRO3;BRASILAGRO ? CIA BRAS DE PROP AGRICOLAS;7628530000000
AGXY3;AGROGALAXY PARTICIPA~ÇÕES S.A.;21240100000000
AHEB3;SAO PAULO TURISMO S.A.;62002900000000
AHEB5;SAO PAULO TURISMO S.A.;62002900000000
AHEB6;SAO PAULO TURISMO S.A.;62002900000000
ALLD3;ALLIED TECNOLOGIA S.A.;20247300000000
ALPA3;ALPARGATAS S.A.;61079100000000
ALPA4;ALPARGATAS S.A.;61079100000000
ALPK3;ALLPARK EMPREENDIMENTOS PARTICIPACOES SERVICOS S.A;60537300000000
ALSO3;ALIANSCE SONAE SHOPPING CENTERS S.A.;5878400000000
ALUP11;ALUPAR INVESTIMENTO S/A;8364950000000
ALUP3;ALUPAR INVESTIMENTO S/A;8364950000000
ALUP4;ALUPAR INVESTIMENTO S/A;8364950000000
AMAR3;MARISA LOJAS S.A.;61189300000000
AMBP3;AMBIPAR PARTICIPACOES E EMPREENDIMENTOS S/A;12648300000000
AMER3;AMERICANAS S.A;776574000000
ANIM3;ANIMA HOLDING S.A.;9288250000000
APER3;ALPER CONSULTORIA E CORRETORA DE SEGUROS S.A.;11721900000000
APTI3;SIDERURGICA J. L. ALIPERTI S.A.;61156900000000
APTI4;SIDERURGICA J. L. ALIPERTI S.A.;61156900000000
ARML3;ARMAC LOCAÇÃO. LOGISTICA E SERVIÇOS S.A.;242184000000
ARZZ3;AREZZO INDUSTRIA E COMERCIO S.A.;16590200000000
ASAI3;SENDAS DISTRIBUIDORA S.A.;6057220000000
ATMP3;ATMA PARTICIPAÇÕES S.A.;4032430000000
ATOM3;ATOM EMPREENDIMENTOS E PARTICIPAÇÕES S.A.;359742000000
AURA33;AURA MINERALS INC.;7857090000000
AURE3;AUREN ENERGIA S.A.;28594200000000
AVLL3;ALPHAVILLE S.A.;16811900000000
AZEV3;AZEVEDO E TRAVASSOS S.A.;61351500000000
AZEV4;AZEVEDO E TRAVASSOS S.A.;61351500000000
AZUL4;AZUL S.A.;9305990000000
B3SA3;B3 S.A. ? BRASIL, BOLSA, BALCÃO;9346600000000
BAHI3;BAHEMA EDUCAÇÃO S.A.;45987200000000
BALM3;BAUMER S.A.;61374200000000
BALM4;BAUMER S.A.;61374200000000
BAUH3;EXCELSIOR ALIMENTOS S.A.;95426900000000
BAUH4;EXCELSIOR ALIMENTOS S.A.;95426900000000
BAZA3;BCO AMAZONIA S.A.;4902980000000
BBAS3;BCO BRASIL S.A.;191
BBDC3;BCO BRADESCO S.A.;60746900000000
BBDC4;BCO BRADESCO S.A.;60746900000000
BBML3;BBM LOGISTICA S.A.;1107330000000
BBSE3;BB SEGURIDADE PARTICIPAÇÕES S.A.;17344600000000
BDLL3;BARDELLA S.A. INDUSTRIAS MECANICAS;60851600000000
BDLL4;BARDELLA S.A. INDUSTRIAS MECANICAS;60851600000000
BEEF3;MINERVA S.A.;67620400000000
BEES3;BANESTES S.A. ? BCO EST ESPIRITO SANTO;28127600000000
BEES4;BANESTES S.A. ? BCO EST ESPIRITO SANTO;28127600000000
BETP3B;BETAPART PARTICIPACOES S.A.;2762120000000
BGIP3;BCO ESTADO DE SERGIPE S.A. ? BANESE;13009700000000
BGIP4;BCO ESTADO DE SERGIPE S.A. ? BANESE;13009700000000
BIOM3;BIOMM S.A.;4752990000000
BLAU3;BLAU FARMACEUTICA S.A.;58430800000000
BMEB3;BCO MERCANTIL DO BRASIL S.A.;17184000000000
BMEB4;BCO MERCANTIL DO BRASIL S.A.;17184000000000
BMGB4;BANCO BMG S.A.;61186700000000
BMIN3;BCO MERCANTIL DE INVESTIMENTOS S.A.;34169600000000
BMIN4;BCO MERCANTIL DE INVESTIMENTOS S.A.;34169600000000
BMKS3;BICICLETAS MONARK S.A.;56992400000000
BMOB3;BEMOBI MOBILE TECH S.A.;9042820000000
BNBR3;BCO NORDESTE DO BRASIL S.A.;7237370000000
BOAS3;BOA VISTA SERVIÇOS S.A.;11725200000000
BOBR3;BOMBRIL S.A.;50564100000000
BOBR4;BOMBRIL S.A.;50564100000000
BPAC11;BCO BTG PACTUAL S.A.;30306300000000
BPAC3;BCO BTG PACTUAL S.A.;30306300000000
BPAC5;BCO BTG PACTUAL S.A.;30306300000000
BPAN12;BCO PAN S.A.;59285400000000
BPAN4;BCO PAN S.A.;59285400000000
BPAR3;BCO ESTADO DO PARA S.A.;4913710000000
BRAP3;BRADESPAR S.A.;3847460000000
BRAP4;BRADESPAR S.A.;3847460000000
BRBI11;BR ADVISORY PARTNERS PARTICIPAÇÕES S.A.;10739400000000
BRFS3;BRF S.A.;1838720000000
BRGE11;CONSORCIO ALFA DE ADMINISTRACAO S.A.;17193800000000
BRGE12;CONSORCIO ALFA DE ADMINISTRACAO S.A.;17193800000000
BRGE3;CONSORCIO ALFA DE ADMINISTRACAO S.A.;17193800000000
BRGE5;CONSORCIO ALFA DE ADMINISTRACAO S.A.;17193800000000
BRGE6;CONSORCIO ALFA DE ADMINISTRACAO S.A.;17193800000000
BRGE7;CONSORCIO ALFA DE ADMINISTRACAO S.A.;17193800000000
BRGE8;CONSORCIO ALFA DE ADMINISTRACAO S.A.;17193800000000
BRIT3;BRISANET PARTICIPAÇÕES S.A.;19796600000000
BRIV3;BCO ALFA DE INVESTIMENTO S.A.;60770300000000
BRIV4;BCO ALFA DE INVESTIMENTO S.A.;60770300000000
BRKM3;BRASKEM S.A.;42150400000000
BRKM5;BRASKEM S.A.;42150400000000
BRKM6;BRASKEM S.A.;42150400000000
BRPR3;BR PROPERTIES S.A.;6977750000000
BRQB3;BRQ SOLUCOES EM INFORMATICA S.A.;36542000000000
BRSR3;BCO ESTADO DO RIO GRANDE DO SUL S.A.;92702100000000
BRSR5;BCO ESTADO DO RIO GRANDE DO SUL S.A.;92702100000000
BRSR6;BCO ESTADO DO RIO GRANDE DO SUL S.A.;92702100000000
BSLI3;BRB BCO DE BRASILIA S.A.;208000100
BSLI4;BRB BCO DE BRASILIA S.A.;208000100
CABI3B;CABINDA PARTICIPACOES S.A.;4030180000000
CALI3;CONSTRUTORA ADOLPHO LINDENBERG S.A.;61022000000000
CAMB3;CAMBUCI S.A.;61088900000000
CAML3;CAMIL ALIMENTOS S.A.;64904300000000
CASH3;MÉLIUZ S.A.;14110600000000
CASN3;CIA CATARINENSE DE AGUAS E SANEAM.-CASAN;82508400000000
CASN4;CIA CATARINENSE DE AGUAS E SANEAM.-CASAN;82508400000000
CATA3;CIA INDUSTRIAL CATAGUASES;19526700000000
CATA4;CIA INDUSTRIAL CATAGUASES;19526700000000
CBAV3;COMPANHIA BRASILEIRA DE ALUMINIO;61409900000000
CBEE3;AMPLA ENERGIA E SERVICOS S.A.;33050100000000
CCRO3;CCR S.A.;2846060000000
CEAB3;CEA MODAS S.A.;45242900000000
CEBR3;CIA ENERGETICA DE BRASILIA;70698000111
CEBR5;CIA ENERGETICA DE BRASILIA;70698000111
CEBR6;CIA ENERGETICA DE BRASILIA;70698000111
CEDO3;CIA FIACAO TECIDOS CEDRO CACHOEIRA;17245200000000
CEDO4;CIA FIACAO TECIDOS CEDRO CACHOEIRA;17245200000000
CEEB3;CIA ELETRICIDADE EST. DA BAHIA ? COELBA;15139600000000
CEEB5;CIA ELETRICIDADE EST. DA BAHIA ? COELBA;15139600000000
CEEB6;CIA ELETRICIDADE EST. DA BAHIA ? COELBA;15139600000000
CEED3;CIA ESTADUAL DE DISTRIB ENER ELET-CEEE-D;8467120000000
CEED4;CIA ESTADUAL DE DISTRIB ENER ELET-CEEE-D;8467120000000
CEGR3;CIA DISTRIB DE GAS DO RIO DE JANEIRO-CEG;33938100000000
CGAS3;CIA GAS DE SAO PAULO ? COMGAS;61856600000000
CGAS5;CIA GAS DE SAO PAULO ? COMGAS;61856600000000
CGRA3;GRAZZIOTIN S.A.;92012500000000
CGRA4;GRAZZIOTIN S.A.;92012500000000
CIEL3;CIELO S.A.;1027060000000
CLSA3;CLEAR SALE S.A.;3802120000000
CLSC3;CENTRAIS ELET DE SANTA CATARINA S.A.;83878900000000
CLSC4;CENTRAIS ELET DE SANTA CATARINA S.A.;83878900000000
CMIG3;CIA ENERGETICA DE MINAS GERAIS ? CEMIG;17155700000000
CMIG4;CIA ENERGETICA DE MINAS GERAIS ? CEMIG;17155700000000
CMIN3;CSN MINERAÇÃO S.A.;8902290000000
CMSA3;CIMS S.A.;272185000000
CMSA4;CIMS S.A.;272185000000
CNSY3;CINESYSTEM S.A.;7437020000000
COCE3;CIA ENERGETICA DO CEARA ? COELCE;7047250000000
COCE5;CIA ENERGETICA DO CEARA ? COELCE;7047250000000
COCE6;CIA ENERGETICA DO CEARA ? COELCE;7047250000000
COGN3;COGNA EDUCAÇÃO S.A.;2800030000000
COMR3;COMERC PARTICIPACOES S.A;25369800000000
CORR3;CORREA RIBEIRO S.A. COMERCIO E INDUSTRIA;15101400000000
CORR4;CORREA RIBEIRO S.A. COMERCIO E INDUSTRIA;15101400000000
CPFE3;CPFL ENERGIA S.A.;2429140000000
CPLE11;CIA PARANAENSE DE ENERGIA ? COPEL;76483800000000
CPLE3;CIA PARANAENSE DE ENERGIA ? COPEL;76483800000000
CPLE5;CIA PARANAENSE DE ENERGIA ? COPEL;76483800000000
CPLE6;CIA PARANAENSE DE ENERGIA ? COPEL;76483800000000
CRDE3;CR2 EMPREENDIMENTOS IMOBILIARIOS S.A.;7820910000000
CRFB3;ATACADÃO S.A.;75315300000000
CRIV3;FINANCEIRA ALFA S.A.- CRED FINANC E INVS;17167400000000
CRIV4;FINANCEIRA ALFA S.A.- CRED FINANC E INVS;17167400000000
CRPG3;TRONOX PIGMENTOS DO BRASIL S.A.;15115500000000
CRPG5;TRONOX PIGMENTOS DO BRASIL S.A.;15115500000000
CRPG6;TRONOX PIGMENTOS DO BRASIL S.A.;15115500000000
CRTE3B;CONC RIO-TERESOPOLIS S.A.;938574000000
CRTE5B;CONC RIO-TERESOPOLIS S.A.;938574000000
CSAB3;CIA SEGUROS ALIANCA DA BAHIA;15144000000000
CSAB4;CIA SEGUROS ALIANCA DA BAHIA;15144000000000
CSAN3;COSAN S.A.;50746600000000
CSED3;CRUZEIRO DO SUL EDUCACIONAL S.A.;62984100000000
CSMG3;CIA SANEAMENTO DE MINAS GERAIS-COPASA MG;17281100000000
CSNA3;CIA SIDERURGICA NACIONAL;33042700000000
CSRN3;CIA ENERGETICA DO RIO GDE NORTE ? COSERN;8324200000000
CSRN5;CIA ENERGETICA DO RIO GDE NORTE ? COSERN;8324200000000
CSRN6;CIA ENERGETICA DO RIO GDE NORTE ? COSERN;8324200000000
CSUD3;CSU DIGITAL S.A.;1896780000000
CTCA3;CTC ? CENTRO DE TECNOLOGIA CANAVIEIRA S.A.;6981380000000
CTKA3;KARSTEN S.A.;82640600000000
CTKA4;KARSTEN S.A.;82640600000000
CTNM3;CIA TECIDOS NORTE DE MINAS COTEMINAS;22677500000000
CTNM4;CIA TECIDOS NORTE DE MINAS COTEMINAS;22677500000000
CTSA3;CIA TECIDOS SANTANENSE;21255600000000
CTSA4;CIA TECIDOS SANTANENSE;21255600000000
CURY3;CURY CONSTRUTORA E INCORPORADORA S.A.;8797760000000
CVCB3;CVC BRASIL OPERADORA E AGÊNCIA DE VIAGENS S.A.;10760300000000
CXSE3;CAIXA SEGURIDADE PARTICIPAÇÕES S.A.;22543300000000
CYRE3;CYRELA BRAZIL REALTY S.A.EMPREEND E PART;73178600000000
DASA3;DIAGNOSTICOS DA AMERICA S.A.;61486700000000
DESK3;DESKTOP - SIGMANET COMUNICAÇÃO MULTIMÍDIA S.A;8170850000000
DEXP3;DEXXOS PARTICIPACOES S.A.;2193750000000
DEXP4;DEXXOS PARTICIPACOES S.A.;2193750000000
DIRR3;DIRECIONAL ENGENHARIA S.A.;16614100000000
DMFN3;DM FINANCEIRA S.A. - CRÉDITO. FINANC E INVEST;91669700000000
DMVF3;D1000 VAREJO FARMA PARTICIPAÇÕES S.A.;12108900000000
DOHL3;DOHLER S.A.;84683400000000
DOHL4;DOHLER S.A.;84683400000000
DOTZ3;DOTZ S.A.;18174300000000
DTCY3;DTCOM ? DIRECT TO COMPANY S.A.;3304000000000
DTCY4;DTCOM ? DIRECT TO COMPANY S.A.;3304000000000
DXCO3;DURATEX S.A.;97837200000000
EALT3;ELECTRO ACO ALTONA S.A.;82643500000000
EALT4;ELECTRO ACO ALTONA S.A.;82643500000000
ECOR3;ECORODOVIAS INFRAESTRUTURA E LOGÍSTICA S.A.;4149450000000
EEEL3;CIA ESTADUAL GER.TRANS.ENER.ELET-CEEE-GT;92715800000000
EEEL4;CIA ESTADUAL GER.TRANS.ENER.ELET-CEEE-GT;92715800000000
EGIE3;ENGIE BRASIL ENERGIA S.A.;2474100000000
EKTR3;ELEKTRO REDES S.A.;2328280000000
EKTR4;ELEKTRO REDES S.A.;2328280000000
ELET3;CENTRAIS ELET BRAS S.A. ? ELETROBRAS;1180000126
ELET5;CENTRAIS ELET BRAS S.A. ? ELETROBRAS;1180000126
ELET6;CENTRAIS ELET BRAS S.A. ? ELETROBRAS;1180000126
ELMD3;ELETROMIDIA S.A.;9347520000000
EMAE3;EMAE ? EMPRESA METROP.AGUAS ENERGIA S.A.;2302100000000
EMAE4;EMAE ? EMPRESA METROP.AGUAS ENERGIA S.A.;2302100000000
EMBR3;EMBRAER S.A.;7689000000000
ENAT3;ENAUTA PARTICIPAÇÕES S.A.;11669000000000
ENBR3;EDP ? ENERGIAS DO BRASIL S.A.;3983430000000
ENEV3;ENEVA S.A;4423570000000
ENGI11;ENERGISA S.A.;864214000000
ENGI3;ENERGISA S.A.;864214000000
ENGI4;ENERGISA S.A.;864214000000
ENJU3;ENJOEI.COM.BR ATIVIDADES DE INTERNET S.A.;16922000000000
ENMT3;ENERGISA MATO GROSSO-DISTRIBUIDORA DE ENERGIA S/A;3467320000000
ENMT4;ENERGISA MATO GROSSO-DISTRIBUIDORA DE ENERGIA S/A;3467320000000
EPAR3;EMBPAR PARTICIPACOES S.A.;42331500000000
EQMA3B;EQUATORIAL MARANHÃO DISTRIBUIDORA DE ENERGIA S.A.;6272790000000
EQMA5B;EQUATORIAL MARANHÃO DISTRIBUIDORA DE ENERGIA S.A.;6272790000000
EQMA6B;EQUATORIAL MARANHÃO DISTRIBUIDORA DE ENERGIA S.A.;6272790000000
EQPA3;EQUATORIAL PARA DISTRIBUIDORA DE ENERGIA S.A.;4895730000000
EQPA5;EQUATORIAL PARA DISTRIBUIDORA DE ENERGIA S.A.;4895730000000
EQPA6;EQUATORIAL PARA DISTRIBUIDORA DE ENERGIA S.A.;4895730000000
EQPA7;EQUATORIAL PARA DISTRIBUIDORA DE ENERGIA S.A.;4895730000000
EQTL3;EQUATORIAL ENERGIA S.A.;3220440000000
ESPA3;MPM CORPÓREOS S.A.;26659100000000
ESTR3;MANUFATURA DE BRINQUEDOS ESTRELA S.A.;61082000000000
ESTR4;MANUFATURA DE BRINQUEDOS ESTRELA S.A.;61082000000000
ETER3;ETERNIT S.A.;61092000000000
EUCA3;EUCATEX S.A. INDUSTRIA E COMERCIO;56643000000000
EUCA4;EUCATEX S.A. INDUSTRIA E COMERCIO;56643000000000
EUFA3;Elfa Medicamentos S.A.;61190100000000
EVEN3;EVEN CONSTRUTORA E INCORPORADORA S.A.;43471000000000
EZTC3;EZ TEC EMPREEND. E PARTICIPACOES S.A.;8312230000000
FESA3;CIA FERRO LIGAS DA BAHIA ? FERBASA;15141800000000
FESA4;CIA FERRO LIGAS DA BAHIA ? FERBASA;15141800000000
FHER3;FERTILIZANTES HERINGER S.A.;22266200000000
FIGE3;INVESTIMENTOS BEMGE S.A.;1548980000000
FIGE4;INVESTIMENTOS BEMGE S.A.;1548980000000
FIQE3;UNIFIQUE TELECOMUNICAÇÕES S.A.;2255190000000
FLEX3;FLEX GESTÃO DE RELACIONAMENTOS S.A.;10851800000000
FLRY3;FLEURY S.A.;60840100000000
FRAS3;FRAS-LE S.A.;88610100000000
FRIO3;METALFRIO SOLUTIONS S.A.;4821040000000
FRRN3B;RUMO MALHA NORTE S.A.;24962500000000
FRRN5B;RUMO MALHA NORTE S.A.;24962500000000
FRRN6B;RUMO MALHA NORTE S.A.;24962500000000
FRTA3;POMIFRUTAS S/A;86551000000000
G2DI33;G2D INVESTMENTS LTD;38307100000000
GEPA3;RIO PARANAPANEMA ENERGIA S.A.;2998300000000
GEPA4;RIO PARANAPANEMA ENERGIA S.A.;2998300000000
GFSA3;GAFISA S.A.;1545830000000
GGBR3;GERDAU S.A.;33611500000000
GGBR4;GERDAU S.A.;33611500000000
GGPS3;GPS PARTICIPACOES E EMPREENDIMENTOS S.A.;9229200000000
GMAT3;GRUPO MATEUS S.A.;24990800000000
GOAU3;METALURGICA GERDAU S.A.;92690800000000
GOAU4;METALURGICA GERDAU S.A.;92690800000000
GOLL3;GOL LINHAS AEREAS INTELIGENTES S.A.;6164250000000
GOLL4;GOL LINHAS AEREAS INTELIGENTES S.A.;6164250000000
GPAR3;CIA CELG DE PARTICIPACOES ? CELGPAR;8560440000000
GPIV33;GP INVESTMENTS, LTD.;7857850000000
GRAO3;HUMBERG AGRIBRASIL COM. E EXPORT. DE GRÃOS S.A.;18483700000000
GRND3;GRENDENE S.A.;89850300000000
GSHP3;GENERAL SHOPPING E OUTLETS DO BRASIL S.A.;8764620000000
GUAR3;GUARARAPES CONFECCOES S.A.;8402940000000
HAGA3;HAGA S.A. INDUSTRIA E COMERCIO;30541000000000
HAGA4;HAGA S.A. INDUSTRIA E COMERCIO;30541000000000
HAPV3;HAPVIDA PARTICIPACOES E INVESTIMENTOS SA;5197440000000
HBOR3;HELBOR EMPREENDIMENTOS S.A.;49263200000000
HBRE3;HBR REALTY EMPREENDIMENTOS IMOBILIARIOS S/A;14785200000000
HBSA3;HIDROVIAS DO BRASIL S.A.;12648300000000
HBTS3;CIA HABITASUL DE PARTICIPACOES;87762600000000
HBTS5;CIA HABITASUL DE PARTICIPACOES;87762600000000
HBTS6;CIA HABITASUL DE PARTICIPACOES;87762600000000
HETA3;HERCULES S.A. FABRICA DE TALHERES;92749200000000
HETA4;HERCULES S.A. FABRICA DE TALHERES;92749200000000
HMOB3;HMOBI PARTICIPAÇÕES S.A.;40159900000000
HOOT3;HOTEIS OTHON S.A.;33200000000000
HOOT4;HOTEIS OTHON S.A.;33200000000000
HYPE3;HYPERA S.A.;2932070000000
IFCM3;NFRACOMMERCE CXAAS S.A.;38456900000000
IGBR3;IGB ELETRÔNICA S/A;43185400000000
IGSN3;IGUA SANEAMENTO S.A.;8159970000000
IGTI11;JEREISSATI PARTICIPACOES S.A.;60543800000000
IGTI3;JEREISSATI PARTICIPACOES S.A.;60543800000000
IGTI4;JEREISSATI PARTICIPACOES S.A.;60543800000000
INEP3;INEPAR S.A. INDUSTRIA E CONSTRUCOES;76627500000000
INEP4;INEPAR S.A. INDUSTRIA E CONSTRUCOES;76627500000000
INNT3;INTER CONSTRUTORA E INCORPORADORA S.A.;9611770000000
INTB3;INTELBRAS S.A. IND DE TELEC ELETRONICA BRASILEIRA;82901000000000
IRBR3;IRB ? BRASIL RESSEGUROS S.A.;33377000000000
ITSA3;ITAUSA S.A.;61532600000000
ITSA4;ITAUSA S.A.;61532600000000
ITUB3;ITAU UNIBANCO HOLDING S.A.;60872500000000
ITUB4;ITAU UNIBANCO HOLDING S.A.;60872500000000
IVPR3B;INVESTIMENTOS E PARTICIP. EM INFRA S.A. ? INVEPAR;3758320000000
IVPR4B;INVESTIMENTOS E PARTICIP. EM INFRA S.A. ? INVEPAR;3758320000000
JALL3;JALLES MACHADO S.A.;2635520000000
JBSS3;JBS S.A.;2916270000000
JFEN3;JOAO FORTES ENGENHARIA S.A.;33035500000000
JHSF3;JHSF PARTICIPACOES S.A.;8294220000000
JOPA3;JOSAPAR-JOAQUIM OLIVEIRA S.A. ? PARTICIP;87456600000000
JOPA4;JOSAPAR-JOAQUIM OLIVEIRA S.A. ? PARTICIP;87456600000000
JSLG3;JSL S.A.;52548400000000
KEPL3;KEPLER WEBER S.A.;91983100000000
KLAS3;KALLAS INCORPORACOES E CONSTRUCOES S.A.;9146450000000
KLBN11;KLABIN S.A.;89637500000000
KLBN3;KLABIN S.A.;89637500000000
KLBN4;KLABIN S.A.;89637500000000
KRSA3;KORA SAÚDE PARTICIPAÇÕES S.A;13270500000000
LAND3;TERRA SANTA PROPRIEDADES AGRICOLAS S.A.;40337100000000
LAVV3;LAVVI EMPREENDIMENTOS IMOBILIÁRIOS S.A.;26462700000000
LEVE3;MAHLE-METAL LEVE S.A.;60476900000000
LIGT3;LIGHT S.A.;3378520000000
LIPR3;ELETROBRÁS PARTICIPAÇÕES S.A. ? ELETROPAR;1104940000000
LJQQ3;LOJAS QUERO-QUERO S/A;96418300000000
LLBI3;LOJAS LE BISCUIT S.A.;16233400000000
LLBI4;LOJAS LE BISCUIT S.A.;16233400000000
LMED3;LIFEMED INDUSTRIAL EQUIP. DE ART. MÉD. HOSP. S.A.;2357250000000
LOGG3;LOG COMMERCIAL PROPERTIES;9041170000000
LOGN3;LOG-IN LOGISTICA INTERMODAL S.A.;42278300000000
LPSB3;LPS BRASIL ? CONSULTORIA DE IMOVEIS S.A.;8078850000000
LREN3;LOJAS RENNER S.A.;92754700000000
LTEL3B;LITEL PARTICIPACOES S.A.;743065000000
LTLA3B;LITELA PARTICIPAÇÕES S.A.;5495550000000
LUPA3;LUPATECH S.A.;89463800000000
LUXM3;TREVISA INVESTIMENTOS S.A.;92660600000000
LUXM4;TREVISA INVESTIMENTOS S.A.;92660600000000
LVTC3;LIVETECH DA BAHIA INDUSTRIA E COMERCIO S.A;5917490000000
LWSA3;LOCAWEB SERVIÇOS DE INTERNET S.A.;2351880000000
MAPT3;CEMEPE INVESTIMENTOS S.A.;93829000000000
MAPT4;CEMEPE INVESTIMENTOS S.A.;93829000000000
MATD3;HOSPITAL MATER DEI AS;16676500000000
MBLY3;Mobly S.A.;31553600000000
MDIA3;M.DIAS BRANCO S.A. IND COM DE ALIMENTOS;7206820000000
MDNE3;MOURA DUBEUX ENGENHARIA S/A;12049600000000
MEAL3;INTERNATIONAL MEAL COMPANY ALIMENTACAO S.A.;17314300000000
MEGA3;OMEGA ENERGIA S.A.;42500400000000
MELK3;MELNICK DESENVOLVIMENTO IMOBILIÁRIO S.A.;12182000000000
MERC3;MERCANTIL BRASIL FINANC S.A. C.F.I.;33040600000000
MERC4;MERCANTIL BRASIL FINANC S.A. C.F.I.;33040600000000
MGEL3;MANGELS INDUSTRIAL S.A.;61065300000000
MGEL4;MANGELS INDUSTRIAL S.A.;61065300000000
MGLU3;MAGAZINE LUIZA S.A.;47961000000000
MILS3;MILLS ESTRUTURAS E SERVIÇOS DE ENGENHARIA S.A.;27093600000000
MLAS3;MULTILASER INDUSTRIAL S.A.;59717600000000
MMAQ3;MINASMAQUINAS S.A.;17161200000000
MMAQ4;MINASMAQUINAS S.A.;17161200000000
MNDL3;MUNDIAL S.A. ? PRODUTOS DE CONSUMO;88610200000000
MNPR3;MINUPAR PARTICIPACOES S.A.;90076900000000
MNZC3B;TERMINAL GARAGEM MENEZES CORTES S.A.;2664040000000
MOAR3;MONTEIRO ARANHA S.A.;33102500000000
MODL3;BANCO MODAL S.A;30723900000000
MOVI3;MOVIDA PARTICIPACOES SA;21314600000000
MRFG3;MARFRIG GLOBAL FOODS S.A.;3853900000000
MRSA3B;MRS LOGISTICA S.A.;1417220000000
MRSA5B;MRS LOGISTICA S.A.;1417220000000
MRSA6B;MRS LOGISTICA S.A.;1417220000000
MRVE3;MRV ENGENHARIA E PARTICIPACOES S.A.;8343490000000
MSPA3;CIA MELHORAMENTOS DE SAO PAULO;60730300000000
MSPA4;CIA MELHORAMENTOS DE SAO PAULO;60730300000000
MSRO3;MAESTRO LOCADORA DE VEICULOS S.A.;8795210000000
MTRE3;MITRE REALTY EMPREENDIMENTOS E PARTICIPAÇÕES S.A.;7882930000000
MTSA3;METISA METALURGICA TIMBOENSE S.A.;86375400000000
MTSA4;METISA METALURGICA TIMBOENSE S.A.;86375400000000
MULT3;MULTIPLAN ? EMPREEND IMOBILIARIOS S.A.;7816890000000
MWET3;WETZEL S.A.;84683700000000
MWET4;WETZEL S.A.;84683700000000
MYPK3;IOCHPE MAXION S.A.;61156100000000
NEMO3;SUZANO HOLDING S.A.;60651800000000
NEMO5;SUZANO HOLDING S.A.;60651800000000
NEMO6;SUZANO HOLDING S.A.;60651800000000
NEOE3;NEOENERGIA S.A.;1083200000000
NEXP3;NEXPE PARTICIPAÇÕES S.A;8613550000000
NGRD3;NEOGRID PARTICIPACOES S.A.;10139900000000
NINJ3;GETNINJAS S.A.;14127800000000
NORD3;NORDON INDUSTRIAS METALURGICAS S.A.;60884300000000
NRTQ3;NORTEC QUÍMICA S.A.;29950100000000
NTCO3;NATURA &CO HOLDING S.A.;32785500000000
NUBR33;NU HOLDINGS LTD;24410900000000
NUTR3;NUTRIPLANT INDUSTRIA E COMERCIO S.A.;51129000000000
ODER3;CONSERVAS ODERICH S.A.;97191900000000
ODER4;CONSERVAS ODERICH S.A.;97191900000000
ODPV3;ODONTOPREV S.A.;58119200000000
OFSA3;OURO FINO SAUDE ANIMAL PARTICIPACOES S.A.;20258300000000
OIBR3;OI S.A.;76535800000000
OIBR4;OI S.A.;76535800000000
ONCO3;ONCOCLINICAS DO BRASIL SERVICOS MEDICOS S.A.;12104200000000
OPCT3;OCEANPACT SERVICOS MARITIMOS S.A.;9114810000000
OPGM3B;GAMA PARTICIPACOES S.A.;2796780000000
OPSE3B;SUDESTE S.A.;2062750000000
OPTS3B;SUL 116 PARTICIPACOES S.A.;1957770000000
ORVR3;ORIZON VALORIZACAO DE RESIDUOS S.A.;11422000000000
OSXB3;OSX BRASIL S.A.;9112690000000
PARD3;INSTITUTO HERMES PARDINI S.A.;19378800000000
PASS3;COMPASS GÁS E ENERGIA S.A.;21389500000000
PASS6;COMPASS GÁS E ENERGIA S.A.;21389500000000
PATI3;PANATLANTICA S.A.;92693000000000
PATI4;PANATLANTICA S.A.;92693000000000
PCAR3;CIA BRASILEIRA DE DISTRIBUICAO;47508400000000
PDGR3;PDG REALTY S.A. EMPREEND E PARTICIPACOES;2950810000000
PDTC3;PADTEC HOLDING S.A.;2365070000000
PEAB3;CIA PARTICIPACOES ALIANCA DA BAHIA;1938780000000
PEAB4;CIA PARTICIPACOES ALIANCA DA BAHIA;1938780000000
PETR3;PETROLEO BRASILEIRO S.A. PETROBRAS;33000200000000
PETR4;PETROLEO BRASILEIRO S.A. PETROBRAS;33000200000000
PETZ3;PET CENTER COMERCIO E PARTICIPACOES S.A.;18328100000000
PFRM3;PROFARMA DISTRIB PROD FARMACEUTICOS S.A.;45453200000000
PGMN3;EMPREENDIMENTOS PAGUE MENOS S.A.;6626250000000
PINE3;BCO PINE S.A.;62144200000000
PINE4;BCO PINE S.A.;62144200000000
PLAS3;PLASCAR PARTICIPACOES INDUSTRIAIS S.A.;51928200000000
PLPL3;PLANO & PLANO DESENVOLVIMENTO IMOBILIÁRIO S.A.;24230300000000
PMAM3;PARANAPANEMA S.A.;60398400000000
PNVL3;DIMED S.A. DISTRIBUIDORA DE MEDICAMENTOS;92665600000000
POMO3;MARCOPOLO S.A.;88611800000000
POMO4;MARCOPOLO S.A.;88611800000000
PORT3;WILSON SONS HOLDINGS BRASIL S.A.;33130700000000
POSI3;POSITIVO TECNOLOGIA S.A.;81243700000000
PPAR3;POLPAR S.A.;59789500000000
PPLA11;PPLA PARTICIPATIONS LTD.;15073300000000
PRIO3;PETRO RIO S.A.;10629100000000
PRNR3;PRINER SERVIÇOS INDUSTRIAIS S.A.;18593800000000
PRPT3B;PROMPT PARTICIPACOES S.A.;2992450000000
PSSA3;PORTO SEGURO S.A.;2149210000000
PTBL3;PBG S/A;83475900000000
PTCA11;PRATICA KLIMAQUIP INDUSTRIA E COMERCIO SA;8574410000000
PTCA3;PRATICA KLIMAQUIP INDUSTRIA E COMERCIO SA;8574410000000
PTNT3;PETTENATI S.A. INDUSTRIA TEXTIL;88613700000000
PTNT4;PETTENATI S.A. INDUSTRIA TEXTIL;88613700000000
QUAL3;QUALICORP CONSULTORIA E CORRETORA DE SEGUROS S.A.;11992700000000
QUSW3;QUALITY SOFTWARE S.A.;35791400000000
QVQP3B;524 PARTICIPACOES S.A.;1851770000000
RADL3;RAIA DROGASIL S.A.;61585900000000
RAIL3;RUMO S.A.;2387240000000
RAIZ4;RAIZEN S.A.;33453600000000
RANI3;IRANI PAPEL E EMBALAGEM S.A.;92791200000000
RAPT3;RANDON S.A. IMPLEMENTOS E PARTICIPACOES;89086100000000
RAPT4;RANDON S.A. IMPLEMENTOS E PARTICIPACOES;89086100000000
RBNS11;RODOBENS S.A;59981800000000
RCSL3;RECRUSUL S.A.;91333700000000
RCSL4;RECRUSUL S.A.;91333700000000
RDNI3;RNI NEGÓCIOS IMOBILIÁRIOS S.A.;67010700000000
RDOR3;Rede DOr São Luiz S.A.;6047090000000
RECV3;PETRORECONCAVO S.A.;3342700000000
REDE3;REDE ENERGIA PARTICIPAÇÕES S.A.;61584100000000
RENT3;LOCALIZA RENT A CAR S.A.;16670100000000
RNEW11;RENOVA ENERGIA S.A.;8534610000000
RNEW3;RENOVA ENERGIA S.A.;8534610000000
RNEW4;RENOVA ENERGIA S.A.;8534610000000
ROMI3;INDUSTRIAS ROMI S.A.;56720400000000
RPAD3;ALFA HOLDINGS S.A.;17167400000000
RPAD5;ALFA HOLDINGS S.A.;17167400000000
RPAD6;ALFA HOLDINGS S.A.;17167400000000
RPMG3;REFINARIA DE PETROLEOS MANGUINHOS S.A.;33412100000000
RRRP3;3R PETROLEUM ÓLEO E GÁS S.A;12091800000000
RSID3;ROSSI RESIDENCIAL S.A.;61065800000000
RSUL3;METALURGICA RIOSULENSE S.A.;85778100000000
RSUL4;METALURGICA RIOSULENSE S.A.;85778100000000
SANB11;BCO SANTANDER (BRASIL) S.A.;90400900000000
SANB3;BCO SANTANDER (BRASIL) S.A.;90400900000000
SANB4;BCO SANTANDER (BRASIL) S.A.;90400900000000
SANB99;BCO SANTANDER (BRASIL) S.A.;90400900000000
SAPR11;CIA SANEAMENTO DO PARANA ? SANEPAR;76484000000000
SAPR3;CIA SANEAMENTO DO PARANA ? SANEPAR;76484000000000
SAPR4;CIA SANEAMENTO DO PARANA ? SANEPAR;76484000000000
SBFG3;GRUPO SBF SA;13217500000000
SBSP3;CIA SANEAMENTO BASICO EST SAO PAULO;43776500000000
SCAR3;SAO CARLOS EMPREEND E PARTICIPACOES S.A.;29780100000000
SEER3;SER EDUCACIONAL S.A.;4986320000000
SEQL3;SEQUOIA LOGISTICA E TRANSPORTES S.A;1599100000000
SGPS3;SPRINGS GLOBAL PARTICIPACOES S.A.;7718270000000
SHOW3;T4F ENTRETENIMENTO S.A.;2860690000000
SHUL3;SCHULZ S.A.;84693200000000
SHUL4;SCHULZ S.A.;84693200000000
SIMH3;SIMPAR S.A.;7415330000000
SLCE3;SLC AGRICOLA S.A.;89096500000000
SLED3;SARAIVA LIVREIROS S.A. ? EM RECUPERAÇÃO JUDICIAL;60500100000000
SLED4;SARAIVA LIVREIROS S.A. ? EM RECUPERAÇÃO JUDICIAL;60500100000000
SMFT3;SMARTFIT ESCOLA DE GINÁSTICA E DANÇA S.A.;7594980000000
SMTO3;SAO MARTINHO S.A.;51466900000000
SNSY3;SANSUY S.A. INDUSTRIA DE PLASTICOS;14807900000000
SNSY5;SANSUY S.A. INDUSTRIA DE PLASTICOS;14807900000000
SNSY6;SANSUY S.A. INDUSTRIA DE PLASTICOS;14807900000000
SOJA3;BOA SAFRA SEMENTES S.A.;10807400000000
SOMA3;GRUPO DE MODA SOMA S.A.;10285600000000
SOND3;SONDOTECNICA ENGENHARIA SOLOS S.A.;33386200000000
SOND5;SONDOTECNICA ENGENHARIA SOLOS S.A.;33386200000000
SOND6;SONDOTECNICA ENGENHARIA SOLOS S.A.;33386200000000
SQIA3;SINQIA S.A.;4065790000000
STBP3;SANTOS BRASIL PARTICIPACOES S.A.;2762120000000
STKF3;STATKRAFT ENERGIAS RENOVAVEIS S.A.;622416000000
SUZB3;SUZANO S.A.;16404300000000
SYNE3;SYN PROP E TECH S.A.;8801620000000
TAEE11;TRANSMISSORA ALIANÇA DE ENERGIA ELÉTRICA S.A.;7859970000000
TAEE3;TRANSMISSORA ALIANÇA DE ENERGIA ELÉTRICA S.A.;7859970000000
TAEE4;TRANSMISSORA ALIANÇA DE ENERGIA ELÉTRICA S.A.;7859970000000
TASA3;TAURUS ARMAS S.A.;92781300000000
TASA4;TAURUS ARMAS S.A.;92781300000000
TCNO3;TECNOSOLO ENGENHARIA S.A.;33111200000000
TCNO4;TECNOSOLO ENGENHARIA S.A.;33111200000000
TCSA3;TECNISA S.A.;8065560000000
TECN3;TECHNOS S.A.;9295060000000
TEGA3;TEGRA INCORPORADORA S.A.;30213500000000
TEKA3;TEKA-TECELAGEM KUEHNRICH S.A.;82637000000000
TEKA4;TEKA-TECELAGEM KUEHNRICH S.A.;82637000000000
TELB3;TELEC BRASILEIRAS S.A. TELEBRAS;336701000000
TELB4;TELEC BRASILEIRAS S.A. TELEBRAS;336701000000
TEND3;CONSTRUTORA TENDA S.A.;71476500000000
TFCO4;TRACK & FIELD CO S.A.;59418800000000
TGMA3;TEGMA GESTAO LOGISTICA S.A.;2351140000000
TIMS3;TIM S.A.;2421420000000
TKNO3;TEKNO S.A. ? INDUSTRIA E COMERCIO;33467600000000
TKNO4;TEKNO S.A. ? INDUSTRIA E COMERCIO;33467600000000
TOTS3;TOTVS S.A.;53113800000000
TPIS3;TPI ? TRIUNFO PARTICIP. E INVEST. S.A.;3014550000000
TRAD3;TC TRADERS CLUB S.A.;26346000000000
TRIS3;TRISUL S.A.;8811640000000
TRPL3;CTEEP ? CIA TRANSMISSÃO ENERGIA ELÉTRICA PAULISTA;2998610000000
TRPL4;CTEEP ? CIA TRANSMISSÃO ENERGIA ELÉTRICA PAULISTA;2998610000000
TTEN3;TRÊS TENTOS AGROINDUSTRIAL SA;94813100000000
TUPY3;TUPY S.A.;84683400000000
TXRX3;TEXTIL RENAUXVIEW S.A.;82982100000000
TXRX4;TEXTIL RENAUXVIEW S.A.;82982100000000
UCAS3;UNICASA INDÚSTRIA DE MÓVEIS S.A.;90441500000000
UGPA3;ULTRAPAR PARTICIPACOES S.A.;33256400000000
UNIP3;UNIPAR CARBOCLORO S.A.;33958700000000
UNIP5;UNIPAR CARBOCLORO S.A.;33958700000000
UNIP6;UNIPAR CARBOCLORO S.A.;33958700000000
UPKP3B;UPTICK PARTICIPACOES S.A.;2162620000000
USIM3;USINAS SID DE MINAS GERAIS S.A.-USIMINAS;60894700000000
USIM5;USINAS SID DE MINAS GERAIS S.A.-USIMINAS;60894700000000
USIM6;USINAS SID DE MINAS GERAIS S.A.-USIMINAS;60894700000000
VALE3;VALE S.A.;33592500000000
VAMO3;VAMOS LOCAÇÃO DE CAMINHÕES, MÁQUINAS E EQUIP. S.A.;23373000000000
VBBR3;VIBRA ENERGIA S.A.;34274200000000
VIIA3;VIA S.A;33041300000000
VITT3;VITTIA FERTILIZANTES E BIOLOGICOS S.A.;45365600000000
VIVA3;VIVARA PARTICIPAÇÕES S.A;33839900000000
VIVR3;VIVER INCORPORADORA E CONSTRUTORA S.A.;67571400000000
VIVT3;TELEFÔNICA BRASIL S.A;2558160000000
VLID3;VALID SOLUÇÕES S.A.;33113300000000
VSTE3;VESTE S.A. ESTILO;49669900000000
VULC3;VULCABRAS/AZALEIA S.A.;50927000000000
VVEO3;CM HOSPITALAR S.A.;12420200000000
WEGE3;WEG S.A.;84429700000000
WEST3;WESTWING COMERCIO VAREJISTA S.A.;14776100000000
WHRL3;WHIRLPOOL S.A.;59106000000000
WHRL4;WHIRLPOOL S.A.;59106000000000
WIZC3;WIZ CO PARTICIPAÇÕES E CORRETAGEM DE SEGUROS S.A.;42278500000000
WLMM3;WLM PART. E COMÉRCIO DE MÁQUINAS E VEÍCULOS S.A.;33228000000000
WLMM4;WLM PART. E COMÉRCIO DE MÁQUINAS E VEÍCULOS S.A.;33228000000000
YBRA3B;YBRA3 TENNOLOGIA LTDA;2217320000000
YDUQ3;YDUQS PARTICIPACOES S.A.;8807430000000
ZAMP3;ZAMP S.A.;13574600000000
ABCP11;FII GRAND PLAZA;1201140000000
AFHI11;AF INVEST CRI FUNDO DE INVESTI-UNICA;36642300000000
AIEC11;AUTONOMY EDIFICIOS CORPORATIVO-UNICA;35765800000000
ALMI11;TORRE ALMIRANTE FII;7122730000000
ALZM11;ALIANZA MULTIESTRATEGIA FII-UNICA;34847100000000
ALZR11;ALIANZA TRUST RENDA IMOBILIARI-UNICA;28737800000000
ANCR11B;ANCAR IC FII-UNICA;7789140000000
APTO11;NAVI RESIDENCIAL FUNDO DE INVE;42432300000000
APTO12;NAVI RESIDENCIAL FUNDO DE INVE;42432300000000
ARRI11;ATRIO REIT RECEBIVEIS FII-UNICA;32006800000000
ASMT11;ASA METROPOLIS FII-UNICA;38293900000000
ATCR11;HAZ FII;14631100000000
ATSA11;HEDGE ATRIUM SHOPPING SANTO AN-UNICA;12810000000000
BARI11;FI IMOBILIARIO BARIGU;29267600000000
BBFI11B;FII BB PROGRESSIVO;7000400000000
BBFO11;FII BB FOF-UNICA;37180100000000
BBIM11;BB RECEBIVEIS IMOBILIARIOS FII;20716200000000
BBPO11;BB PROGRESSIVO II FII;14410700000000
BBRC11;FII BB RENDA CORPORATIVA;12681300000000
BCFF11;FII BTG PACTUAL FUNDO DE FUNDO-UNICA;11026600000000
BCIA11;BRADESCO CARTEIRA IMOBILIARIA -CLASSE UN;20216900000000
BCRI11;BANESTES RECEBIVEIS IMOBILIARI-UNICA;22219300000000
BICE11;BRIO CREDITO ESTRUTURADO - FII-UNICA;39332000000000
BICR11;INTER TITULOS IMOBILIARIOS FII-UNICA;34007100000000
BIME11;BRIO MULTIESTRATEGIA - FI IMOB;41081400000000
BIPD11;BRIO REAL ESTATE IV - FUNDO DE-UNICA;42869900000000
BLCA11;BLUEMACAW CATUAI TRIPLE A FII-UNICA;41076700000000
BLMC11;BLUEMACAW CRED IMOB -UNICA;38294200000000
BLMG11;BLUEMACAW LOGISTICA FUNDO DE I-UNICA;34081600000000
BLMO11;BLUEMACAW OFFICE FUND II FUNDO-UNICA;34895900000000
BLMR11;BLUEMACAW RENDA+ FOF FUNDO DE -UNICA;36368900000000
BLUR11;FII - BLUE RECEBIVEIS IMOBILIA-UNICA;38051300000000
BMII11;FII BRASILIO MACHADO;2027440000000
BMLC11;BM BRASCAN LAJES CORPORATIVAS FII;14376200000000
BNFS11;BANRISUL NOVAS FRONTEIRAS FII;15570400000000
BPFF11;FI IMOBILIARIO BRASIL PLURAL A-UNICA;17324400000000
BPML11;FI IMOBILIA-UNICA;33046100000000
BPRP11;FI IMOBILIARIO - FII;29800700000000
BRCO11;BRESCO LOGISTICA FUNDO DE INVE-UNICA;20748500000000
BRCR11;BTG PACTUAL CORPORATE OFFICE FUND FII;8924780000000
BREV11;BRAZIL REAL ESTATE VICTORY FUND I - FUND;26195100000000
BRHT11B;FII BR HOTEIS;15461100000000
BRIM11;FII BRIO REAL ESTATE II-UNICA;23964800000000
BRIP11;BRIO REAL ESTATE III FII-UNICA;34895800000000
BRLA11;FI IMOBILIA-MEZANINO;35652300000000
BTAL11;FII BTG PACTUAL AGRO LOGISTICA-UNICA;36642200000000
BTCI11;FII BTG PACTUAL CREDITO IMOBIL-UNICA;9552810000000
BTLG11;BTG PACTUAL LOGISTICA FUNDO DE-UNICA;11839600000000
BTRA11;FII BTG PACTUAL TERRAS AGRICOL-UNICA;41076600000000
BTSG11;BTSP I FII-UNICA;36098400000000
BTSI11;BTSP II FII-UNICA;36930500000000
BTWR11;BTOWERS FII-UNICA;20132500000000
BVAR11;FI IMOBILIARIO BRASIL;21126200000000
BZLI11;BRAZIL REALTY FII;14074700000000
CACR11;CARTESIA RECEBIVEIS IMOBILIARI-UNICA;32065400000000
CARE11;BRAZILIAN GRAVEYARD FII-UNICA;13584600000000
CBOP11;CASTELLO BRANCO OFFICE PARK FI-UNICA;17144000000000
CCLB11;FII CENTRAL LEBLON - FUNDO DE -UNICA;45777300000000
CCME11;FII CANUMA CAPITAL MULTIESTRAT-UNICA;43010800000000
CCRF11;RBR CRI - FII-UNICA;40011300000000
CEOC11;CEO CYRELA COMMERCIAL PROPERTIES FII;15799400000000
CFHI11;CF2 FI IMOBILIARIO;34508900000000
CJCT11;CIDADE JARDIM CONTINENTAL TOWE-UNICA;10348000000000
CNES11;CENESP FII;13551300000000
CPFF11;CAPITANIA REIT FOF - FII-UNICA;34081600000000
CPTS11;CAPITANIA SECURITIES II FII-CLASSE A;18979900000000
CRFF11;CAIXA RIO BRAVO FUNDO DE FII I-UNICA;31887400000000
CTXT11;FII CENTRO TEXTIL INTERNACIONAL;762723000000
CVBI11;FII VBI CRI-UNICA;28729200000000
CXAG11;FI IMOBILIA-UNICA;40189600000000
CXCE11B;FII CAIXA CEDAE-UNICA;10991900000000
CXCI11;FII CAIXA CARTEIRA IMOBILIARIA-1;42066900000000
CXCO11;FI IMOBILIA-UNICA;38659000000000
CXRI11;CAIXA RIO BRAVO FUNDO DE FII-UNICA;17098800000000
CXTL11;FII CAIXA SEQ LOGISTICA RENDA-UNICA;12887500000000
CYCR11;CYRELA CREDITO - FII-CLASSE UN;36501200000000
DAMT11B;FII DIAMANTE-UNICO;26642700000000
DEVA11;DEVANT RECEBIVEIS IMOBILIARIOS-UNICA;37087800000000
DOVL11B;DOVEL FI IM-UNICA;10522600000000
DPRO11;DEVANT PROPERTIES FII-UNICA;42922100000000
DRIT11B;FII MULTIGESTAO RENDA COMERCIA-UNICA;10456800000000
DVFF11;FII - DEVANT FOF IMOBILIARIOS-UNICA;39863100000000
EDFO11B;FII EDIFICIO OURINVEST;6175260000000
EDGA11;EDIFICIO GALERIA FII;15333300000000
EGYR11;ENERGY RESORT FUNDO DE INVESTI-CL UNICA;36969700000000
ELDO11B;ELDORADO FII;13023000000000
EQIR11;EQI RECEBIVEIS IMOBILIARIOS FI-1;41076400000000
ERCR11;ESTOQUE RESIDENCIAL E COMERCIA-SENIORES;37266900000000
ERCR13;ESTOQUE RESIDENCIAL E COMERCIA-SUBORDINA;37266900000000
ERPA11;EUROPA 105 - FII-UNICA;31469400000000
EURO11;FII EUROPAR;5437920000000
EVBI11;VBI CONSUMO ESSENCIAL FUNDO DE-UNICA;34691500000000
EVBI12;VBI CONSUMO ESSENCIAL FUNDO DE-UNICA;34691500000000
EXES11;EXES FII-UNICA;41076900000000
FAED11;ANHANGUERA EDUCACIONAL FII;11179100000000
FAMB11B;EDIFICIO ALMIRANTE BARROSO FII-UNICA;5562310000000
FATN11;FI IMOBILIARIO ATHENA;30567200000000
FCFL11;FI IMOBILIARIO - FII;11602700000000
FIGS11;GENERAL SHOPPING ATIVO E RENDA-UNICA;17590500000000
FIIB11;FII INDUSTRIAL DO BRASIL-UNICA;14217100000000
FIIP11B;RB CAPITAL RENDA I FII;8696180000000
FINF11;INFRA REAL ESTATE FII;18369500000000
FISC11;FI IMOBILIÁRIO SC 401;12804000000000
FISD11;FII SAO DOMINGOS;16543300000000
FIVN11;VIDA NOVA FII;17854000000000
FLCR11;FARIA LIMA CAPITAL RECEBIVEIS -UNICA;33884100000000
FLMA11;CONTINENTAL SQUARE FAERIA LIMA;4141650000000
FLRP11;HEDGE FLORIPA SHOPPING FII-UNICA;10375400000000
FMOF11;FII MEMORIAL OFFICE-UNICA;1633740000000
FPAB11;FII PROJETO AGUA BRANCA-UNICA;3251720000000
FPNG11;FII PEDRA NEGRA RENDA IMOBILIARIA;17162000000000
FTCE11B;OPPORTUNITY FII-CLASSE UN;1235620000000
FVPQ11;FII VIA PARQUE SHOPPING FII;332266000000
GALG11;FII GUARDIAN LOGISTICA-UNICA;37295900000000
GAME11;FII GUARDIAN MULT IMOB I-UNICA;41269100000000
GCFF11;GALAPAGOS FUNDO DE FUNDOS - FI-UNICA;35652200000000
GCRI11;GALAPAGOS RECEBIVEIS IMOBILIAR-UNICA;38293900000000
GESE11B;FII GENERAL SEVERIANO-CLASSE UN;17007500000000
GGRC11;GGR COVEPI RENDA FII;26614300000000
GGRC12;GGR COVEPI RENDA FII;26614300000000
GSFI11;GENERAL SHOPPING E OUTLETS DO -UNICA;11769600000000
GTLG11;GTIS BRAZIL LOGISTICS FUNDO DE-UNICA;36200700000000
GTWR11;FII GREEN TOWERS-UNICA;23740500000000
GURB11;GENIAL RENDA URBANA FII-UNICA;36501200000000
HAAA11;HEDGE AAA FII-UNICA;27445500000000
HABT11;HABITAT II - FII;30578400000000
HBCR11;FII HBC RENDA URBANA-CLASSE UN;36501200000000
HBRH11;FII MULT RENDA URBANA-UNICA;30871700000000
HCHG11;HECTARE RECEBIVEIS HIGH GRADE -UNICA;34509000000000
HCRI11;HOSPITAL DA CRIANCA FII;4066580000000
HCST11;HECTARE DESENVOLVIME STUDENT HOUSING FII;31152000000000
HCTR11;HECTARE CE FII-UNICA;30248200000000
HDEL11;HEDGE DESENVOLVIMENTO LOGISTIC-CLASSE UN;44514200000000
HDOF11;HEDGE PALADIN DESIGN OFFICES F-UNICA;35688500000000
HFOF11;HEDGE TOP FOFII 3 FII-UNICA;18307600000000
HFOF12;HEDGE TOP FOFII 3 FII-UNICA;18307600000000
HGBS11;HEDGE BRASIL SHOPPING FII-UNICA1;8431750000000
HGCR11;CSHG RECEBIVEIS IMOBILIARIOS -UNICA;11160500000000
HGFF11;CSHG IMOBILIARIO FOF - FII-UNICA;32784900000000
HGIC11;HGI CREDITOS IMOBILIARIOS FII-UNICA;38456500000000
HGLG11;CSHG LOGISTICA FII - FII-UNICA;11728700000000
HGPO11;CSHG PRIME OFFICES FII-UNICA;11260100000000
HGRE11;CSHG REAL ESTATE FII-UNICA;9072020000000
HGRU11;CSHG RENDA URBANA - FII-UNICA;29641200000000
HLOG11;HEDGE LOGISTICA FII-UNICA;27486500000000
HOFC11;HEDGE OFFICE INCOME FUNDO DE I-UNICA;31894400000000
HOSI11;FII HOUSI;34081600000000
HPDP11;HEDGE SHOPPING PARQUE DOM PEDR-UNICA;35586400000000
HRDF11;HEDGE REALTY DEVELOPMENT FII-UNICA;16929500000000
HREC11;HEDGE RECEBIVEIS IMOBILIARIOS -UNICA;35507300000000
HSAF11;HSI ATIVOS FINANCEIROS - FII-UNICA;35360700000000
HSLG11;HSI LOGÍSTICA FI IMOBILIÁRIO;32903600000000
HSML11;HSI MALLS FUNDO DE INVESTIMENT-UNICA;32892000000000
HSRE11;HSI RENDA IMOBILIARIA FII-UNICA;8098110000000
HTMX11;HOTEL MAXINVEST FII-UNICA;8706070000000
HUSC11;FII HOSPITAL UNIMED SUL CAPIXABA;28851800000000
HUSI11;HUSI FI IMO-UNICA;30017500000000
IBCR11;FII DE CRI INTEGRAL BREI-UNICA;40011300000000
IDFI11;FII DE UNIDADES AUTONOMAS-UNICA;32774900000000
IDGR11;FII DE UNIDADES AUTONOMAS II-UNICA;44177500000000
IRDM11;IRIDIUM RECEBIVEIS IMOBILIARIO-UNICA;28830300000000
IRIM11;IRIDIUM FI -UNICA;41076600000000
ITIP11;ITIP FII-UNICA;36312800000000
ITIT11;ITIT FII-UNICA;36293400000000
JASC11;JASC RENDA VAREJO ESSENCIAL FU-UNICA;40886200000000
JASC12;JASC RENDA VAREJO ESSENCIAL FU-UNICA;40886200000000
JBFO11;JBFO FOF FI-COTACAO U;36615900000000
JFLL11;JFL LIVING FII-CLASSE UN;36501200000000
JPPA11;JPP CAPITAL RECEB. IMOB. FII-UNICA;30982900000000
JPPC11;JPP CAPITAL FI. IMO-UNICA;17216600000000
JRDM11;SHOPPING JD SUL FII-UNICA;14879900000000
JSAF11;JS ATIVOS FINANCEIROS FUNDO DE-UNICA;42085700000000
JSRE11;JS REAL ESTATE MULTIGESTAO FII;13371100000000
JTPR11;JT PREV FII DESENVOLVIMENTO HA-UNICA;23876100000000
KCRE11;KINEA CREDITAS FII-UNICA;42502800000000
KEVE11;EVEN II KINEA FUNDO DE INVESTI-UNICA;32317300000000
KFOF11;KINEA FUNDO DE FUNDOS DE INVES-UNICA;30091400000000
KINP11;EVEN PERMUTA KINEA FII - FUNDO DE INVEST;24070100000000
KISU11;KILIMA FC DE FII SUNO 30-UNICA;36669700000000
KIVO11;KILIMA VOLKANO RECEBIVEIS IMOB-UNICA;42273300000000
KNCR11;KINEA RENDIMENTOS IMOBILIARIOS-U;16707000000000
KNHY11;KINEA HIGH YIELD CRI FUNDO DE -UNICA;30130700000000
KNIP11;KINEA INDICES DE PRECOS FUNDO -UNICA;24960400000000
KNRE11;KINEA II REAL ESTATE EQUITY;14423800000000
KNRI11;KINEA RENDA IMOBILIARIA FUNDO -UNICA;12006000000000
KNSC11;KINEA SECURITIES FUNDO DE INVE-1;35864400000000
LASC11;LEGATUS SHOPPINGS FII-UNICA;30248200000000
LATR11B;LATERES FII;17209400000000
LFTT11;LOFT II MAISON SAO PAULO FUNDO-COTA A;24797000000000
LGCP11;LOGCP INTER FUNDOS DE INVESTIM-UNICA;34598200000000
LIFE11;LIFE CAPITAL PARTNERS FII-UNICA;39753300000000
LIFE12;LIFE CAPITAL PARTNERS FII-UNICA;39753300000000
LKDV11;FII DEVELOPMENT V1-UNICA;40102400000000
LLAO11;BS2 ALLINVESTMENTS FII-SUBORDINA;41218400000000
LPLP11;LAGO DA PEDRA FII-UNICA;37262800000000
LUGG11;LUGGO FI IM-UNICA;34835200000000
LUGG12;LUGGO FI IM-UNICA;34835200000000
LVBI11;VBI LOGISTICO FI IMOBILIARIO-UNICA;30629600000000
MALL11;MALLS BRASIL PLURAL FII;26499800000000
MANA11;MANATI CAPITAL HEDGE FUND FII-CLASSE UN;42888600000000
MANA12;MANATI CAPITAL HEDGE FUND FII-CLASSE UN;42888600000000
MATV11;MORE GESTAO ATIVA DE RECEBIVEI-UNICA;41076700000000
MAXR11;MAX RETAIL FII;11274400000000
MCCI11;MAUA CAPITAL RECEBIVEIS IMOBIL-UNICA;23648900000000
MCCI12;MAUA CAPITAL RECEBIVEIS IMOBIL-UNICA;23648900000000
MCHF11;MAUA CAPITAL HEDGE FUND FII-UNICA;36642100000000
MCHF12;MAUA CAPITAL HEDGE FUND FII-UNICA;36642100000000
MCHY11;FII MAUA HIGH YIELD-UNICA;36656000000000
MFAI11;MERITO FUNDOS E ACOES IMO FII-UNICA;32397400000000
MFCR11;MERITO RECEBIVEIS IMOBILIARIOS-UNICA;45403300000000
MFCR12;MERITO RECEBIVEIS IMOBILIARIOS-UNICA;45403300000000
MFII11;MERITO DESENVOLVIMENTO IMOBILIARIO FII;16916000000000
MGCR11;FII MOGNO CERTIFICADOS DE RECE-UNICA;35652200000000
MGFF11;FI IMOBILIA-UNICA;29216500000000
MGHT11;FII MOGNO HOTEIS-UNICA;34197800000000
MGRI11;MOGNO PROPERTIES FUNDO DE INVE-UNICA;41321000000000
MINT11;FII MINT EDUCACIONAL-CLASSE UN;19872900000000
MMVE11;MARESIAS FI-UNICA;41251300000000
MORC11;MORE RECEBIVEIS IMOBILIARIOS F-UNICA;40102500000000
MORC12;MORE RECEBIVEIS IMOBILIARIOS F-UNICA;40102500000000
MORE11;MORE REAL ESTATE FOF FII FUNDO-UNICA;34197700000000
MTOF11;ALIANZA MULTIOFFICES - FUNDO D-UNICA;22862200000000
MXRF11;MAXI RENDA FII-UNICA;97521200000000
NAVT11;NAVI IMOBILIARIO TOTAL RETURN -UNICA;35652300000000
NCHB11;FII NCH BRASIL RECEB. IMOB.-UNICA;18085700000000
NCRI11;NAVI CRED IMOB - FII-UNICA;40041600000000
NEWL11;NEWPORT LOGISTICA FI;32527600000000
NEWU11;NEWPORT RENDA URBANA FII-CLASSE UN;14793800000000
NSLU11;HOSP NOSSA SENHORA DE LOURDES -UNICA;8014510000000
NVHO11;FII NOVO HORIZONTE-CLASSE UN;17026000000000
NVIF11B;FII NOVA I-UNICA;22003500000000
OGHY11;ORAMA HIGH YIELD FII-UNICA;47240600000000
ONEF11;FII THE ONE;12948300000000
OUFF11;OURINVEST FOF FII-UNICA;30791400000000
OUJP11;OURINVEST JPP FUNDO DE INVESTI-CLASSE UN;26091700000000
OULG11;FII OURINVEST LOGISTICA-UNICA;13974800000000
OURE11;OURINVEST RENDA ESTRUTURADA FI-UNICA;28516700000000
PABY11;FUNDO PANAMBY;613094000000
PATC11;PATRIA EDIFICIOS CORPORATIVOS -UNICA;30048700000000
PATL11;PATRIA LOGISTICA FUNDO DE INVE-UNICA;35754200000000
PBLV11;PROLOGIS BRAZIL LOGISTICS VENT-UNICA;31962900000000
PEMA11;PERFORMA REAL ESTATE FII-UNICA;34736500000000
PLCR11;PLURAL RECEBIVEIS IMOBILIARIOS FUNDO DE;32527700000000
PLOG11;PLURAL LOGISTICA FII-CLASSE UN;36501200000000
PLRI11;POLO FII RECEBIVEIS IMOBILIARIOS I;14080700000000
PNPR11;PANORAMA PROPERTIES FII-UNICA;26813100000000
PORD11;POLO CRED IMOB FII-UNICA;17156500000000
PQAG11;PARQUE ANHANGUERA FII-UNICA;12978900000000
PQDP11;PARQUE DOM PEDRO SHOPPING CENT-UNICA;10869200000000
PRSN11B;PERSONALE I FII;14056000000000
PRSV11;PRESIDENTE VARGAS FII-CLASSE UN;11281300000000
PVBI11;FII VBI PRIME PROPERTIES-UNICA;35652100000000
QAGR11;QUASAR AGRO - FI IMOB;32754700000000
QAMI11;QUASAR CRED IMOB FII-CLASSE UN;32400300000000
RBDS11;RB CAPITAL DESENV RESIDENCIAL -UNICA;11945600000000
RBED11;RIO BRAVO RENDA EDUCACIONAL-UNICA;13873500000000
RBFF11;RIO BRAVO FUNDO DE FII-UNICA;17329000000000
RBHG11;RIO BRAVO CRED IMOB -UNICA;30647800000000
RBHY11;RIO BRAVO CRED IMOB -UNICA;37899500000000
RBHY12;RIO BRAVO CRED IMOB -UNICA;37899500000000
RBIR11;RB CAPITAL DESENVOLVIMENTO RESIDENCIAL I;31161400000000
RBLG11;RB CAPITAL LOGISTICO FUNDO DE -A;35652200000000
RBOP11;FI IMOBILIÁRIO RIO BRAVO OPORTUNIDADES IMOBILIÁRIA;13500300000000
RBRD11;FII RB CAPITAL RENDA II;9006910000000
RBRF11;RBR ALPHA MULTIESTRATEGIA REAL-RBRF11;27529300000000
RBRI11;RBR DESENVOLVIMENTO III FI IMO-UNICA;32441700000000
RBRL11;RBR LOG FI-UNICA;35705500000000
RBRM11;FII RBR DESENVOLVIMENTO-UNICA;26314400000000
RBRP11;FII RBR PROPERTIES - FII-UNICA;21408100000000
RBRR11;FI IMOBILIA-UNICA;29468000000000
RBRS11;RIO BRAVO RENDA RESIDENCIAL FU-PRIMEIRA;36517700000000
RBRX11;FII RBR PLUS MULTIESTRATEGIA R-UNICA;41088500000000
RBRY11;FI IMOBILIA-UNICA;30166700000000
RBTS11;RB CAPITAL TFO SITUS FUNDO DE INVESTIMEN;29299700000000
RBVA11;FII AGENCIAS CAIXA;15576900000000
RBVO11;FII CRED IMOB II;15769700000000
RCFA11;GRUPO RCFA FUNDO DE INVESTIMEN-UNICA;27771600000000
RCFF11;RBR DESENVOLVIMENTO COMERCIAL FEEDER FOF;35689700000000
RCRB11;FI IMOBILIARIO RIO BR;3683060000000
RDPD11;FII BB RENDA DE PAPEIS II;23120000000000
RECR11;FII FII REC RECEBIVEIS IMOBILI-UNICA;28152300000000
RECT11;FII FII REC RENDA IMOBILIARIA-UNICA;32274200000000
RECX11;FII REC FUNDO DE FUNDOS-UNICA;36642400000000
REIT11;SINGULARE FII-UNICA;16841100000000
RELG11;FII REC LOGISTICA-UNICA;37112800000000
REON11;FII RESIDONE;20173100000000
RFOF11;FI IMOBILIARIO RB CAP;34027800000000
RINV11;REAL INVESTOR FII-UNICA;44625600000000
RMAI11;REAG MULT ATIVOS IMOBILIARIOS-UNICA;17374700000000
RNDP11;FII BB RENDA DE PAPEIS IMOBILI-UNICA;15394600000000
RNGO11;FII RIO NEGRO FII;15006300000000
ROOF11;FI IMOBILIA-UNICA;38456600000000
RPRI11;RBR PREM REC IM FII-UNICA;42502800000000
RRCI11;RB CAPITAL RECEBIVEIS IMOBILIA-UNICA;35689700000000
RSPD11;RB CAPITAL DESENVOLVIMENTO RES-UNICA;19250000000000
RVBI11;VBI REITS FOF FI IMOB;35507500000000
RZAK11;RIZA AKIN FUNDO DE INVESTIMENT-UNICA;36642200000000
RZAK12;RIZA AKIN FUNDO DE INVESTIMENT-UNICA;36642200000000
RZAT11;RIZA ARCTIUM REAL ESTATE FII-UNICA;28267700000000
RZTR11;FII RIZA TERRAX-CLASSE UN;36501100000000
SADI11;SANTANDER PAPEIS IMOBILIARIOS -UNICA;32903500000000
SAIC11B;FII SIA CORPORATE;17311100000000
SARE11;SANTANDER RENDA DE ALUGUEIS FU-UNICA;32903700000000
SCPF11;SCP;1657860000000
SDIL11;SDI;16671400000000
SEED13;HEDGE SEED FII-SUBORDINA;35689500000000
SEQR11;SEQUOIA III RENDA IMOBILIARIA -CLASSE UN;9517270000000
SEQR12;SEQUOIA III RENDA IMOBILIARIA -CLASSE UN;9517270000000
SFND11;FII SAO FERNANDO;9350920000000
SHDP11B;SHOPPING PARQUE DOM PEDRO FII-UNICA;7224020000000
SHOP11;MULT SHOPPINGS FII-UNICA;22459700000000
SHPH11;FII SHOPPING PATIO HIGIENOPOLIS;3507520000000
SHSO11;SH SPECIAL OPPS FII-UNICA;44527200000000
SJAU11;SJ AU LOGISTICA FII-UNICA;27771500000000
SNCI11;SUNO RECEBIVEIS FII-UNICA;41076700000000
SNFF11;SUNO FUNDO DE FUNDOS DE INVEST-UNICA;40011200000000
SNLG11;SUNO LOG FII-UNICA;40041700000000
SOLR11;SOLARIUM FII - FUNDO DE INVEST-UNICA;22169700000000
SPAF11;SPA FII;18311000000000
SPMO11;SUPREMO FI -UNICA;40225300000000
SPTW11;SP DOWNTOWN FII;15538400000000
SPXS11;FII SPX SYN MULTIESTRATEGIA-UNICA;43010500000000
SRVD11;SERRA VERDE FII-UNICA;38082800000000
STRX11;STARX FII-UNICA;11044400000000
TCIN11;G5 CIDADE NOVA FII-SENIOR;34197700000000
TCIN12;G5 CIDADE NOVA FII-SUB JR;34197700000000
TCPF11;TREECORP REAL ESTATE FII - I;26990000000000
TEPP11;TELLUS PROPERTIES FII;26681400000000
TGAR11;FII TG ATIVO REAL;25032900000000
TJKB11;TJK RENDA IMOBILIARIA FII-UNICA;39714000000000
TORD11;TORDESILHAS EI FII-UNICA;30230900000000
TRNT11;TORRE NORTE FII;4722880000000
TRXB11;TRX REAL ESTATE II FUNDO DE IN-UNICA;36368900000000
TRXB12;TRX REAL ESTATE II FUNDO DE IN-UNICA;36368900000000
TRXF11;TRX REAL ESTATE FUNDO DE INVES-UNICA;28548300000000
TRXF12;TRX REAL ESTATE FUNDO DE INVES-UNICA;28548300000000
TSER11;TISHMAN SPEYER RENDA CORPORATI-UNICA;34847000000000
TSNC11;TRANSINC FUNDO DE INVEST. IMOB-UNICA;17007400000000
URPR11;URCA PRIME RENDA FII-UNICA;34508900000000
VCJR11;VECTIS JUROS REAL FII-UNICA;32400300000000
VCRR11;VECTIS RENDA RESIDENCIAL FUNDO;40041700000000
VERE11;FII VEREDA;8693500000000
VGHF11;VALORA HEDGE FUND FII-UNICA;36771700000000
VGIP11;VALORA CRI INDICE DE PRECO FII-UNICA;34197800000000
VGIR11;VALORA CRI CDI FII-UNICA;29852700000000
VGIR12;VALORA CRI CDI FII-UNICA;29852700000000
VIFI11;VINCI INSTRUMENTOS FINANCEIROS FUNDO DE;31547900000000
VILG11;FII VINCI LOGISTICA-UNICA;24853000000000
VINO11;VINCI OFFICES FII-UNICA;12516200000000
VISC11;VINCI SHOPPING CENTERS FUNDO D-UNICA;17554300000000
VIUR11;VINCI IMOVEIS URBANOS FUNDO DE;36445600000000
VLJS11;VECTOR LAJES FII;13842700000000
VLOL11;FII VILA OLIMPIA CORPORATE;15296700000000
VOTS11;VOT SECURITIES MASTER FII-UNICA;17870900000000
VPSI11;FII POLO SHOPPING INDAIATUBA-UNICA;14721900000000
VRTA11;FATOR VERITA FUNDO DE INVESTIM-UNICA;11664200000000
VSEC11;FI IMOBILIARIO VOTORANTIM SECURITIES;10347500000000
VSHO11;FII VOTORANTIM SHOPPING;23740600000000
VSLH11;VERSALHES RECEBIVEIS IMOBILIARIOS - FI IMOBILIARIO;36244000000000
VTLT11;FII LOGISTICA;27368600000000
VVCO11;V2 EDIFICIOS CORPORATIVOS FII-UNICA;15006300000000
VVCO12;V2 EDIFICIOS CORPORATIVOS FII-UNICA;15006300000000
VXXV11;GENESIS MULTIESTRATEGIA FII-UNICA;30983000000000
WHGR11;WHG REAL ESTATE FII-CLASSE UN;41256600000000
WPLZ11;SHOPPING WEST PLAZA FII-UNICA;9326860000000
WSEC11;WARREN SECURITIES FI IMOBILIÁRIO - FII;43440600000000
WTSP11B;FI IMOBILIARIO - OURI;28693600000000
XPCI11;XP CRED IMOB - FII-UNICA;28516300000000
XPCM11;XP CORPORATE MACAE FII-UNICA;16802300000000
XPHT11;VRE HOTEIS - FII - FII HIBRIDO GESTAO AT;18308500000000
XPHT12;VRE HOTEIS - FII - FII HIBRIDO GESTAO AT;18308500000000
XPIN11;XP INDUSTRIAL FII;28516300000000
XPLG11;FII XP LOG;26502800000000
XPML11;XP MALLS FI-UNICA;28757500000000
XPPR11;FII XP PROPERTIES;30654800000000
XPSF11;XP SELECTION FII-UNICA;30983000000000
YUFI11;YUCA FII-UNICA;36445600000000
ZAVI11;ZAVIT REAL ESTATE FUND FII-UNICA;40575900000000
ZIFI11;ZION CAPITAL FII-UNICA;35820800000000
